Product_Label,Economy_Label,Partner_Label,1995_US_dollars_at_current_prices_in_thousands_Value,1995_US_dollars_at_current_prices_Footnote,1995_US_dollars_at_current_prices_MissingValue,1996_US_dollars_at_current_prices_in_thousands_Value,1996_US_dollars_at_current_prices_Footnote,1996_US_dollars_at_current_prices_MissingValue,1997_US_dollars_at_current_prices_in_thousands_Value,1997_US_dollars_at_current_prices_Footnote,1997_US_dollars_at_current_prices_MissingValue,1998_US_dollars_at_current_prices_in_thousands_Value,1998_US_dollars_at_current_prices_Footnote,1998_US_dollars_at_current_prices_MissingValue,1999_US_dollars_at_current_prices_in_thousands_Value,1999_US_dollars_at_current_prices_Footnote,1999_US_dollars_at_current_prices_MissingValue,2000_US_dollars_at_current_prices_in_thousands_Value,2000_US_dollars_at_current_prices_Footnote,2000_US_dollars_at_current_prices_MissingValue,2001_US_dollars_at_current_prices_in_thousands_Value,2001_US_dollars_at_current_prices_Footnote,2001_US_dollars_at_current_prices_MissingValue,2002_US_dollars_at_current_prices_in_thousands_Value,2002_US_dollars_at_current_prices_Footnote,2002_US_dollars_at_current_prices_MissingValue,2003_US_dollars_at_current_prices_in_thousands_Value,2003_US_dollars_at_current_prices_Footnote,2003_US_dollars_at_current_prices_MissingValue,2004_US_dollars_at_current_prices_in_thousands_Value,2004_US_dollars_at_current_prices_Footnote,2004_US_dollars_at_current_prices_MissingValue,2005_US_dollars_at_current_prices_in_thousands_Value,2005_US_dollars_at_current_prices_Footnote,2005_US_dollars_at_current_prices_MissingValue,2006_US_dollars_at_current_prices_in_thousands_Value,2006_US_dollars_at_current_prices_Footnote,2006_US_dollars_at_current_prices_MissingValue,2007_US_dollars_at_current_prices_in_thousands_Value,2007_US_dollars_at_current_prices_Footnote,2007_US_dollars_at_current_prices_MissingValue,2008_US_dollars_at_current_prices_in_thousands_Value,2008_US_dollars_at_current_prices_Footnote,2008_US_dollars_at_current_prices_MissingValue,2009_US_dollars_at_current_prices_in_thousands_Value,2009_US_dollars_at_current_prices_Footnote,2009_US_dollars_at_current_prices_MissingValue,2010_US_dollars_at_current_prices_in_thousands_Value,2010_US_dollars_at_current_prices_Footnote,2010_US_dollars_at_current_prices_MissingValue,2011_US_dollars_at_current_prices_in_thousands_Value,2011_US_dollars_at_current_prices_Footnote,2011_US_dollars_at_current_prices_MissingValue,2012_US_dollars_at_current_prices_in_thousands_Value,2012_US_dollars_at_current_prices_Footnote,2012_US_dollars_at_current_prices_MissingValue,2013_US_dollars_at_current_prices_in_thousands_Value,2013_US_dollars_at_current_prices_Footnote,2013_US_dollars_at_current_prices_MissingValue,2014_US_dollars_at_current_prices_in_thousands_Value,2014_US_dollars_at_current_prices_Footnote,2014_US_dollars_at_current_prices_MissingValue,2015_US_dollars_at_current_prices_in_thousands_Value,2015_US_dollars_at_current_prices_Footnote,2015_US_dollars_at_current_prices_MissingValue,2016_US_dollars_at_current_prices_in_thousands_Value,2016_US_dollars_at_current_prices_Footnote,2016_US_dollars_at_current_prices_MissingValue,2017_US_dollars_at_current_prices_in_thousands_Value,2017_US_dollars_at_current_prices_Footnote,2017_US_dollars_at_current_prices_MissingValue,2018_US_dollars_at_current_prices_in_thousands_Value,2018_US_dollars_at_current_prices_Footnote,2018_US_dollars_at_current_prices_MissingValue,2019_US_dollars_at_current_prices_in_thousands_Value,2019_US_dollars_at_current_prices_Footnote,2019_US_dollars_at_current_prices_MissingValue,2020_US_dollars_at_current_prices_in_thousands_Value,2020_US_dollars_at_current_prices_Footnote,2020_US_dollars_at_current_prices_MissingValue,2021_US_dollars_at_current_prices_in_thousands_Value,2021_US_dollars_at_current_prices_Footnote,2021_US_dollars_at_current_prices_MissingValue,2022_US_dollars_at_current_prices_in_thousands_Value,2022_US_dollars_at_current_prices_Footnote,2022_US_dollars_at_current_prices_MissingValue
"TOTAL ALL PRODUCTS","Brazil","Canada",460888,,,505752,,,583790,,,544030,,,513145,,,565248,,,554054,,,781289,,,977430,,,1198336,,,1948519,,,2280425,,,2360269,,,1864982,,,1711858,,,2320641,,,3129523,,,3078221,,,2701714,,,2313510,,,2362290,,,2365967,,,2719391,,,3353111,,,3381608,,,4229943,,,4922330,,,5382042,,
"TOTAL ALL PRODUCTS","Brazil","China",1203741,,,1113814,,,1088201,,,904860,,,676129,,,1084860,,,1901251,,,2516554,,,4531201,,,5438638,,,6826868,,,8398204,,,10776728,,,16519994,,,20994920,,,30747554,,,44304608,,,41225811,,,46023192,,,40611877,,,35155354,,,35133315,,,47488450,,,63929563,,,63357523,,,67788075,,,87907888,,,89718899,,
"TOTAL ALL PRODUCTS","Brazil","France",1086310,,,958839,,,1151424,,,1256080,,,1227257,,,1789952,,,1673225,,,1553622,,,1749806,,,2233477,,,2566710,,,2744169,,,3535328,,,4185231,,,2948045,,,3613916,,,4358072,,,4136897,,,3423194,,,2947358,,,2270098,,,2334634,,,2249927,,,2649661,,,2641037,,,2014110,,,2523970,,,3547999,,
"TOTAL ALL PRODUCTS","Brazil","Germany",2158169,,,2082675,,,2607761,,,3005695,,,2544061,,,2524701,,,2498271,,,2532480,,,3126041,,,4031584,,,5058805,,,5686504,,,7208845,,,8847430,,,6171900,,,8134205,,,9038448,,,7274547,,,6550769,,,6627220,,,5170618,,,4860767,,,4911018,,,5206385,,,4731500,,,4123730,,,5042729,,,6267794,,
"TOTAL ALL PRODUCTS","Brazil","India",319983,,,184907,,,166288,,,144870,,,313893,,,217155,,,284977,,,653511,,,552852,,,651323,,,1137748,,,938669,,,957604,,,1101862,,,3414499,,,3490425,,,3200383,,,5575575,,,3129783,,,4787813,,,3617195,,,3161432,,,4657328,,,3908942,,,2776646,,,2884745,,,4799018,,,6340499,,
"TOTAL ALL PRODUCTS","Brazil","Italy",1713021,,,1530655,,,1709141,,,1931016,,,1845465,,,2142989,,,1807575,,,1814311,,,2205725,,,2901869,,,3228479,,,3834804,,,4462250,,,4758750,,,3015063,,,4232362,,,5437937,,,4579860,,,4097947,,,4020305,,,3269829,,,3321622,,,3561003,,,3554477,,,3149264,,,3054875,,,3861445,,,4823399,,
"TOTAL ALL PRODUCTS","Brazil","Japan",3101561,,,3047111,,,3068060,,,2201854,,,2192578,,,2471248,,,1984742,,,2096533,,,2310191,,,2766993,,,3452620,,,3893907,,,4320342,,,6111848,,,4269527,,,7140402,,,9471866,,,7954951,,,7963909,,,6717455,,,4843042,,,4604146,,,5261211,,,4321411,,,5431771,,,4127277,,,5539500,,,6603070,,
"TOTAL ALL PRODUCTS","Brazil","Russian Federation",569263,,,465698,,,760588,,,647321,,,746280,,,422815,,,1100947,,,1251491,,,1498306,,,1651987,,,2913724,,,3435715,,,3725109,,,4631439,,,2865000,,,4147691,,,4210902,,,3139765,,,2972651,,,3821011,,,2463243,,,2299895,,,2736532,,,1654847,,,1618719,,,1523730,,,1587205,,,1973629,,
"TOTAL ALL PRODUCTS","Brazil","South Africa",,,,,,,,,,,,,,,,301311,,,423607,,,477153,,,732631,,,1033817,,,1371030,,,1461133,,,1757067,,,1752958,,,1259101,,,1309312,,,1679474,,,1764251,,,1835424,,,1225273,,,1353282,,,1397021,,,1509612,,,1362466,,,1132155,,,989029,,,1186757,,,1725255,,
"TOTAL ALL PRODUCTS","Brazil","United Kingdom",1325555,,,1323643,,,1258817,,,1339209,,,1437193,,,1496509,,,1702994,,,1767164,,,1895646,,,2112532,,,2598580,,,2827351,,,3299753,,,3782427,,,3725192,,,4631981,,,5229523,,,4518090,,,4100491,,,3859906,,,2915604,,,2868717,,,2844277,,,3009410,,,2971316,,,2544244,,,3086763,,,3696672,,
"TOTAL ALL PRODUCTS","Brazil","United States of America",8799187,,,9312373,,,9407879,,,9888894,,,10867537,,,13360246,,,14337494,,,15503915,,,16866739,,,20303166,,,22912152,,,24755775,,,25321716,,,26859042,,,15741892,,,19458889,,,25914834,,,26795355,,,24857208,,,27133857,,,24173456,,,23298719,,,27147587,,,29093175,,,29860027,,,21618697,,,31337516,,,38147322,,
"TOTAL ALL PRODUCTS","Brazil","World",46504931,,,47745933,,,52985811,,,51119870,,,48011411,,,54993154,,,58032294,,,60144461,,,72772250,,,95115401,,,118592084,,,137574211,,,159816181,,,195764624,,,151791674,,,200433953,,,253665437,,,239952538,,,232543660,,,220920757,,,186774916,,,179526128,,,214988108,,,231889523,,,221126808,,,209180242,,,280814577,,,334463079,,
"TOTAL ALL PRODUCTS","Brazil","Africa",1318625,,,1224183,,,1184920,,,1425357,,,1096136,,,1343701,,,1981213,,,2356871,,,2851071,,,4229857,,,5971270,,,7442799,,,8561946,,,10142023,,,8673655,,,9252044,,,12204048,,,12148801,,,11072961,,,9696806,,,8194429,,,7828137,,,9389480,,,8093997,,,7527547,,,7855827,,,9470510,,,12740680,,
"TOTAL ALL PRODUCTS","Brazil","Americas",19996571,,,21474942,,,24658618,,,24751205,,,22844704,,,28148519,,,28853448,,,28243177,,,33306107,,,45064222,,,56387420,,,64948519,,,70935318,,,82381487,,,55060091,,,72913665,,,89729962,,,83280177,,,79389375,,,78003280,,,68386031,,,65502717,,,76230064,,,78164734,,,71232609,,,56991190,,,81710990,,,99840840,,
"TOTAL ALL PRODUCTS","Brazil","Asia",9624111,,,9330009,,,9391351,,,7524848,,,7354806,,,7531547,,,8586025,,,10790016,,,14225681,,,17977902,,,22331819,,,25783855,,,30918252,,,43502364,,,46617861,,,64917210,,,86325608,,,84771430,,,87326621,,,82246948,,,70819155,,,69717314,,,88672360,,,101969658,,,104179901,,,108927656,,,143497603,,,160680986,,
"TOTAL ALL PRODUCTS","Brazil","Europe",12953114,,,13185565,,,14794316,,,14134653,,,15414709,,,16651051,,,17307452,,,17539683,,,20918115,,,26113358,,,31310270,,,36319087,,,45851655,,,53753327,,,38268694,,,49120272,,,59669962,,,54290303,,,50075707,,,46429837,,,36465861,,,34212664,,,37889094,,,41128771,,,37402118,,,34583575,,,45164372,,,59741623,,
"TOTAL ALL PRODUCTS","Brazil","Oceania",350411,,,296272,,,295328,,,210359,,,269005,,,373297,,,274771,,,291259,,,348433,,,433383,,,532308,,,597628,,,702365,,,1355722,,,557742,,,661809,,,922928,,,591280,,,544584,,,508335,,,490173,,,533797,,,567180,,,693637,,,770045,,,812231,,,968788,,,1314705,,
"TOTAL ALL PRODUCTS","Canada","Brazil",955282,,,1047907,,,1222564,,,930403,,,698746,,,707312,,,618640,,,488499,,,636007,,,732853,,,912557,,,1170980,,,1408668,,,2431911,,,1404143,,,2489570,,,2868820,,,2608246,,,2385660,,,1967768,,,1760890,,,1543172,,,1318993,,,1694558,,,1699592,,,1600174,,,1814357,,,3109405,,
"TOTAL ALL PRODUCTS","Canada","China",2525421,,,2211432,,,1737778,,,1682306,,,1788504,,,2444722,,,2755225,,,2633770,,,3436397,,,5209106,,,5961766,,,6879498,,,8873347,,,9881454,,,9797290,,,12854414,,,16984616,,,19383182,,,19900000,,,17447756,,,15783682,,,15825077,,,18185911,,,21376653,,,17546207,,,18861178,,,22387243,,,22016400,,
"TOTAL ALL PRODUCTS","Canada","France",1447766,"Incomplete territorial aggregate",,1292538,,,1210948,,,1140738,,,1272659,,,1277770,,,1402929,,,1276550,,,1565142,,,1833678,,,2096744,,,2540996,,,2916351,,,3058325,,,2351621,,,2282191,,,3111145,,,3384795,,,3052892,,,2995306,,,2454201,,,2568565,,,2625905,,,2657130,,,2739545,,,2771668,,,3229538,,,3026863,,
"TOTAL ALL PRODUCTS","Canada","Germany",2417095,,,2448428,,,1974202,,,1829560,,,1625028,,,2121441,,,1893282,,,1883499,,,2080686,,,2065303,,,2674962,,,3487002,,,3587148,,,4220558,,,3250435,,,3676691,,,3859481,,,3400976,,,3188393,,,2687178,,,2705141,,,2959241,,,3094368,,,3627920,,,4576108,,,4492192,,,5180946,,,5542838,,
"TOTAL ALL PRODUCTS","Canada","India",320921,,,258701,,,354325,,,262561,,,281734,,,362136,,,437067,,,430353,,,545505,,,662854,,,898252,,,1476711,,,1671504,,,2282702,,,1879253,,,1999923,,,2654521,,,2362841,,,2719613,,,2914562,,,3378051,,,3005579,,,3296682,,,3314902,,,3648541,,,2768165,,,2386981,,,4102629,,
"TOTAL ALL PRODUCTS","Canada","Italy",1341137,,,1006724,,,1112325,,,1032964,,,972164,,,1164844,,,1067126,,,948962,,,1236286,,,1344767,,,1592399,,,1660448,,,2396171,,,2195234,,,1561044,,,1861381,,,1988452,,,1709323,,,1896071,,,3772708,,,1781963,,,1765720,,,1765750,,,2400869,,,2442420,,,2788632,,,2127391,,,2193332,,
"TOTAL ALL PRODUCTS","Canada","Japan",8775982,,,8222161,,,8063374,,,5805636,,,5650492,,,6111292,,,5388451,,,5328024,,,5853852,,,6587074,,,7578135,,,8306151,,,8603085,,,10464782,,,7299595,,,8932610,,,10776245,,,10350578,,,10325007,,,9725092,,,7644506,,,8085366,,,9120763,,,10000690,,,9507872,,,9243586,,,11566284,,,13802653,,
"TOTAL ALL PRODUCTS","Canada","Russian Federation",152458,,,243150,,,273858,,,194120,,,120974,,,135249,,,187519,,,152675,,,238493,,,319620,,,467525,,,772154,,,1070435,,,1412108,,,781379,,,1155951,,,1511605,,,1653352,,,1350040,,,1121787,,,469800,,,454670,,,517035,,,440315,,,499352,,,471244,,,523750,,,165340,,
"TOTAL ALL PRODUCTS","Canada","South Africa",,,,,,,,,,,,,,,,163147,,,120523,,,162075,,,226120,,,280784,,,374916,,,577257,,,731642,,,885090,,,391921,,,455274,,,689751,,,634731,,,453147,,,397235,,,486032,,,353741,,,273080,,,317066,,,267417,,,233774,,,306808,,,363610,,
"TOTAL ALL PRODUCTS","Canada","United Kingdom",2835243,,,5504486,,,2793669,,,2975000,,,5467509,,,3856990,,,3268685,,,2823886,,,4351083,,,5953335,,,6823033,,,8937980,,,11929630,,,12268164,,,10588184,,,15899871,,,18976766,,,18776318,,,13556428,,,13764189,,,12481346,,,12901540,,,13633125,,,12817197,,,14923438,,,14855375,,,13153090,,,13970405,,
"TOTAL ALL PRODUCTS","Canada","United States of America",151400304,,,161108659,,,176882020,,,181853786,,,205020266,,,241728902,,,227244275,,,220072351,,,233380458,,,267804200,,,302195424,,,316556507,,,331601972,,,353782675,,,236480912,,,289418959,,,331755016,,,338260043,,,346035155,,,364959373,,,313544846,,,296440401,,,318570260,,,337466429,,,335677010,,,284477539,,,378065474,,,457788208,,
"TOTAL ALL PRODUCTS","Canada","World",191117744,,,202262551,,,216037339,,,214606353,,,238778008,,,277419921,,,261058775,,,252584260,,,272229686,,,317161192,,,360552446,,,388178676,,,419881604,,,455632184,,,315176831,,,386579900,,,450430008,,,454098967,,,456598271,,,475177176,,,408697324,,,388853142,,,420074382,,,450392396,,,445492736,,,388376909,,,501463002,,,594708464,,
"TOTAL ALL PRODUCTS","Canada","Africa",999687,,,995968,,,1286850,,,1204274,,,909518,,,1052750,,,998118,,,1071915,,,1192593,,,1308641,,,1717425,,,2251330,,,3132197,,,4018685,,,2948400,,,3297441,,,3523973,,,3843927,,,3892928,,,4249148,,,3548548,,,2837585,,,3118688,,,3496894,,,3885990,,,3787467,,,4295210,,,4236011,,
"TOTAL ALL PRODUCTS","Canada","Americas",155471262,,,165339900,,,181860945,,,186231033,,,208903716,,,245977735,,,231915439,,,223981911,,,237462117,,,273425214,,,309182244,,,325526333,,,342493139,,,367492711,,,246101159,,,301634164,,,346031360,,,352310802,,,359308105,,,377954215,,,325173551,,,307685518,,,330304954,,,350290984,,,347253618,,,294856146,,,392375112,,,474503493,,
"TOTAL ALL PRODUCTS","Canada","Asia",19738329,,,18703967,,,18908500,,,13333095,,,13277679,,,15242794,,,14056407,,,14029915,,,16419562,,,20936212,,,24446509,,,28901967,,,33525372,,,41056978,,,34455893,,,40613236,,,52246978,,,51524629,,,53696709,,,51223214,,,45426001,,,43470417,,,48705431,,,55806908,,,52509470,,,48223368,,,59422314,,,65524394,,
"TOTAL ALL PRODUCTS","Canada","Europe",12250127,,,14957141,,,11559315,,,11674290,,,14702935,,,14204893,,,13236203,,,12602182,,,15770562,,,19893373,,,23502728,,,29496438,,,38663276,,,40524855,,,29770254,,,38894846,,,46229339,,,43891545,,,37632998,,,39702980,,,32582219,,,32956779,,,35931757,,,38690508,,,39685597,,,39579569,,,43050392,,,47410550,,
"TOTAL ALL PRODUCTS","Canada","Oceania",1034553,,,928322,,,961960,,,817252,,,806235,,,941710,,,851122,,,896733,,,1381222,,,1595913,,,1701747,,,2002358,,,2066694,,,2535600,,,1899581,,,2139486,,,2397394,,,2520362,,,2065986,,,2046541,,,1962622,,,1899704,,,2012637,,,2106010,,,2157576,,,1929248,,,2291131,,,3023449,,
"TOTAL ALL PRODUCTS","China","Brazil",759059,,,762931,,,1044389,,,1085364,,,876002,,,1223545,,,1350925,,,1466382,,,2143256,,,3674104,,,4827209,,,7380106,,,11398472,,,18807457,,,14118518,,,24460652,,,31836677,,,33413633,,,35895471,,,34890134,,,27412225,,,21976153,,,28950538,,,33665139,,,35539064,,,34953228,,,53612224,,,61969971,,
"TOTAL ALL PRODUCTS","China","Canada",1532512,,,1615943,,,1906506,,,2126855,,,2432943,,,3157837,,,3345577,,,4303458,,,5632184,,,8161179,,,11653675,,,15516845,,,19360318,,,21795877,,,17675119,,,22216134,,,25266590,,,28125194,,,29216715,,,30003679,,,29422642,,,27312228,,,31375455,,,35153243,,,36931958,,,42094313,,,51510532,,,53704892,,
"TOTAL ALL PRODUCTS","China","France",1848496,,,1912740,,,2336796,,,2830754,,,2930015,,,3715888,,,3701083,,,4087772,,,7331063,,,9967437,,,11691653,,,13978874,,,20466709,,,23498662,,,21611741,,,27858709,,,30245913,,,27195963,,,26948466,,,28975791,,,27051527,,,24958617,,,27963502,,,31085268,,,33331864,,,37335185,,,46388200,,,46143668,,
"TOTAL ALL PRODUCTS","China","Germany",5671433,,,5842667,,,6496908,,,7354289,,,7779619,,,9277790,,,9751100,,,11371850,,,17442112,,,23755732,,,32527131,,,40314598,,,48744144,,,59208951,,,49919564,,,68047133,,,76399999,,,69212732,,,67342500,,,72703049,,,69154834,,,65214031,,,71134400,,,77489342,,,79789085,,,86807061,,,115181923,,,116226632,,
"TOTAL ALL PRODUCTS","China","India",765266,,,686014,,,933720,,,1016672,,,1161928,,,1560736,,,1895833,,,2671164,,,3343225,,,5936008,,,8934277,,,14581297,,,24051380,,,31585381,,,29666560,,,40913958,,,50536416,,,47677452,,,48432411,,,54217422,,,58228027,,,58397761,,,68042253,,,76675656,,,74825299,,,66719472,,,97510656,,,118501523,,
"TOTAL ALL PRODUCTS","China","Italy",2067570,,,1836568,,,2238938,,,2577506,,,2929805,,,3802022,,,3991555,,,4827435,,,6652321,,,9223774,,,11690507,,,15977188,,,21187737,,,26628788,,,20243632,,,31139647,,,33692731,,,25656013,,,25752660,,,28756397,,,27834410,,,26360472,,,29199962,,,33171610,,,33519784,,,32914227,,,43630019,,,50908036,,
"TOTAL ALL PRODUCTS","China","Japan",28466673,,,30886209,,,31838563,,,29660095,,,32410578,,,41654314,,,44940524,,,48433840,,,59408698,,,73509042,,,83986277,,,91622673,,,102062496,,,116132455,,,97910966,,,121043965,,,148268708,,,151626581,,,150132589,,,149391340,,,135616443,,,129268487,,,137258933,,,147048753,,,143244518,,,142596625,,,165822965,,,172927436,,
"TOTAL ALL PRODUCTS","China","Russian Federation",1664640,,,1692691,,,2038035,,,1839908,,,1497261,,,2233350,,,2710472,,,3520742,,,6029927,,,9098116,,,13211283,,,15832487,,,28529895,,,33075850,,,17513771,,,29612074,,,38903018,,,44056551,,,49591172,,,53676944,,,34756877,,,37339601,,,42830600,,,47965273,,,49748487,,,50504392,,,67550055,,,76122649,,
"TOTAL ALL PRODUCTS","China","South Africa",,,,,,,,,,,,,,,,1013646,,,1048574,,,1310635,,,2029364,,,2951904,,,3825965,,,5767709,,,7444900,,,8617622,,,7365588,,,10799862,,,13362300,,,15323312,,,16830776,,,15699146,,,15857922,,,12849508,,,14808767,,,16248381,,,16542942,,,15238826,,,21115297,,,24196442,,
"TOTAL ALL PRODUCTS","China","United Kingdom",2797648,,,3200894,,,3815185,,,4631759,,,4880019,,,6310102,,,6780523,,,8059425,,,10823721,,,14966962,,,18976474,,,24163209,,,31666365,,,36072739,,,31277364,,,38767054,,,44122055,,,46296693,,,50942128,,,57141135,,,59567065,,,55664076,,,56713517,,,56542925,,,62425024,,,72561344,,,87029777,,,81544682,,
"TOTAL ALL PRODUCTS","China","United States of America",24728629,,,26705626,,,32740595,,,37983570,,,42004220,,,52156428,,,54355080,,,70050092,,,92626296,,,125148956,,,163180459,,,203801046,,,233168790,,,252843531,,,221295020,,,283780323,,,325010988,,,352438221,,,369063859,,,397099250,,,409979244,,,385677759,,,430328147,,,479278747,,,419322649,,,452492876,,,577125500,,,582756110,,
"TOTAL ALL PRODUCTS","China","World",148779500,,,151047462,,,182791585,,,183808988,,,194930779,,,249202551,,,266098209,,,325595970,,,438227767,,,593325581,,,761953410,,,968935601,,,1220059700,,,1430693100,,,1201646800,,,1577763800,,,1898388400,,,2048782200,,,2209007300,,,2342292700,,,2273468200,,,2097637200,,,2263370500,,,2486439700,,,2499207000,,,2589098400,,,3362301600,,,3593601400,,
"TOTAL ALL PRODUCTS","China","Africa",1821744,,,1843439,,,2383386,,,3131173,,,3199509,,,5007275,,,5961927,,,6918896,,,10125514,,,13730759,,,18603510,,,26585194,,,37375142,,,51090962,,,47637378,,,59809530,,,72921199,,,85136958,,,92575846,,,105838607,,,108316510,,,91991203,,,94507892,,,104682995,,,112995136,,,113975412,,,148030683,,,164176789,,
"TOTAL ALL PRODUCTS","China","Americas",29392004,,,31415659,,,39228771,,,45393612,,,49656336,,,62454324,,,65866587,,,83751982,,,110001967,,,151459171,,,198336516,,,255123220,,,303880104,,,345971055,,,295604434,,,397584823,,,471714386,,,515254511,,,531702645,,,562399089,,,571010815,,,526447634,,,591964930,,,662405316,,,607505403,,,644455709,,,856527113,,,888332646,,
"TOTAL ALL PRODUCTS","China","Asia",92212232,,,91405087,,,109174807,,,98629119,,,103108973,,,132928488,,,141310279,,,171181695,,,222589294,,,295480057,,,366417732,,,455834323,,,569290572,,,664041825,,,568208534,,,731845646,,,899708037,,,1007682822,,,1134951525,,,1189019876,,,1140836182,,,1041330457,,,1097262273,,,1188451282,,,1222089050,,,1231177670,,,1577507584,,,1702969379,,
"TOTAL ALL PRODUCTS","China","Europe",21760933,,,22669778,,,27421868,,,31391004,,,34966294,,,44895023,,,48883501,,,58444576,,,88218265,,,122481752,,,165704980,,,215378071,,,288382665,,,343695842,,,265254562,,,355493637,,,413131979,,,395799163,,,405073971,,,438450840,,,402808536,,,389193808,,,428344730,,,473806291,,,498400540,,,534793880,,,699776791,,,743660668,,
"TOTAL ALL PRODUCTS","China","Oceania",1900066,,,1960111,,,2397239,,,2683012,,,3109650,,,3904422,,,4067916,,,5281864,,,7282455,,,10160241,,,12875445,,,15996445,,,21103724,,,25871904,,,24926582,,,33014078,,,40892308,,,44872025,,,44612039,,,46566932,,,50483251,,,47488487,,,51260189,,,57073251,,,58172704,,,64678704,,,80436038,,,94384409,,
"TOTAL ALL PRODUCTS","France","Brazil",1413484,"Incomplete territorial aggregate",,1511263,,,1587954,,,2051343,,,1836144,,,2127752,,,2464636,,,2557786,,,1692067,,,2258777,,,2772820,,,3202713,,,4225379,,,5194622,,,3545856,,,4731103,,,5564538,,,5951755,,,6297151,,,5704801,,,5329449,,,4778135,,,4717214,,,5331961,,,4634470,,,3309643,,,3913237,,,4251957,,
"TOTAL ALL PRODUCTS","France","Canada",1879779,,,1918258,,,2371431,,,2297075,,,3041464,,,2371395,,,2582422,,,2534163,,,2656157,,,3036697,,,3010954,,,3468088,,,3655153,,,4183885,,,3342438,,,3423229,,,3978715,,,3730957,,,3901895,,,3901055,,,3568237,,,3347443,,,3564890,,,3973505,,,4196427,,,3546224,,,4008581,,,4313751,,
"TOTAL ALL PRODUCTS","France","China",2640218,"Incomplete territorial aggregate",,2422593,,,3421357,,,3308105,,,3263788,,,2970079,,,2940383,,,3272429,,,5186658,,,6573206,,,7205194,,,10148907,,,12423865,,,13285333,,,10943269,,,14551262,,,18745449,,,19383272,,,19572699,,,21469260,,,19909795,,,17705737,,,21292096,,,24618001,,,23438190,,,19959959,,,28338751,,,24967658,,
"TOTAL ALL PRODUCTS","France","Germany",50155455,,,49120346,,,44978979,,,48001090,,,46587425,,,44461097,,,41519873,,,44216500,,,53413851,,,62210703,,,63112311,,,69417315,,,77914753,,,86841525,,,68985006,,,82988674,,,97949179,,,92316938,,,93524554,,,93804335,,,79145560,,,78851328,,,77609886,,,83212117,,,78210511,,,69891045,,,81694504,,,84558339,,
"TOTAL ALL PRODUCTS","France","India",1055176,"Incomplete territorial aggregate",,1072833,,,846213,,,780937,,,959977,,,863305,,,910128,,,947962,,,1131734,,,1609947,,,2286825,,,3180407,,,4598491,,,4904918,,,3415225,,,3844785,,,3862716,,,4188635,,,3602607,,,3585144,,,3523264,,,4326693,,,6037815,,,6530435,,,6005950,,,4825240,,,6946361,,,6245299,,
"TOTAL ALL PRODUCTS","France","Italy",27419218,,,26420875,,,26309759,,,27506432,,,27037608,,,26329113,,,25427013,,,27620714,,,33195095,,,38620279,,,39877082,,,43529542,,,49433372,,,52393491,,,39227043,,,41322052,,,47564332,,,41227601,,,40380166,,,40924834,,,35326272,,,35717802,,,39738179,,,42748245,,,42046622,,,37139022,,,46408986,,,56624436,,
"TOTAL ALL PRODUCTS","France","Japan",5602822,"Incomplete territorial aggregate",,5353920,,,4875560,,,4666388,,,4542095,,,4982922,,,4849797,,,5244159,,,5970097,,,6646943,,,6732357,,,7152506,,,7916481,,,8254690,,,6648768,,,7793299,,,9080339,,,9506511,,,9026263,,,9055749,,,6974269,,,6915727,,,7183784,,,7814215,,,8639797,,,6492751,,,7727298,,,6709772,,
"TOTAL ALL PRODUCTS","France","Russian Federation",1674701,"Incomplete territorial aggregate",,2002375,,,2535253,,,1886645,,,1389279,,,1613529,,,2053071,,,2210383,,,3156447,,,3915176,,,4182568,,,5922984,,,7748231,,,10364291,,,7069433,,,8319019,,,10375465,,,11722313,,,10199853,,,8964064,,,5002265,,,5405701,,,6292661,,,6280694,,,6277035,,,5889414,,,7554508,,,3249285,,
"TOTAL ALL PRODUCTS","France","South Africa",,,,,,,,,,,,,,,,1056103,,,973935,,,1254822,,,1584297,,,2072686,,,2341954,,,2137241,,,2229494,,,2423538,,,1833630,,,2296616,,,3200295,,,2420712,,,2370855,,,2585209,,,2001178,,,2012412,,,2016901,,,1876263,,,1897696,,,1511053,,,1877611,,,1895161,,
"TOTAL ALL PRODUCTS","France","United Kingdom",26317641,,,26853032,,,28640756,,,30107580,,,30548554,,,29075686,,,28480822,,,31330056,,,34405122,,,38671329,,,38237981,,,40715473,,,45226332,,,46710234,,,33747315,,,34343828,,,38841447,,,37689540,,,39093103,,,40208880,,,35002774,,,34445925,,,35050754,,,38386038,,,38469024,,,30988367,,,33291812,,,35224901,,
"TOTAL ALL PRODUCTS","France","United States of America",16778490,,,17311928,,,18446322,,,22273595,,,23026553,,,25936987,,,25615806,,,24665977,,,24876423,,,28711499,,,31113171,,,33165277,,,34096800,,,35110119,,,27346847,,,29230606,,,32552098,,,34123265,,,35765163,,,36382467,,,36216033,,,36127096,,,38414057,,,45309603,,,47114062,,,37082573,,,41245872,,,49091121,,
"TOTAL ALL PRODUCTS","France","World",277844567,,,283901198,,,283345617,,,300571066,,,296025162,,,295345419,,,289599105,,,304891879,,,358131717,,,413708422,,,434354245,,,479012852,,,539730712,,,594504995,,,464112811,,,511651043,,,585723824,,,558460545,,,567987698,,,566656165,,,493941214,,,488885072,,,523385133,,,568535880,,,556364114,,,488562446,,,585148037,,,618298750,,
"TOTAL ALL PRODUCTS","France","Africa",15065209,,,15265395,,,14014953,,,16061451,,,14615378,,,16832509,,,16445158,,,17594583,,,19920821,,,22612088,,,25091134,,,26541002,,,30462554,,,37174772,,,32310697,,,35152310,,,39250081,,,36236870,,,36683075,,,36462252,,,31685090,,,28270827,,,28787803,,,29271261,,,28976542,,,25434398,,,27428671,,,29119433,,
"TOTAL ALL PRODUCTS","France","Americas",24412375,,,25273791,,,27609725,,,32503331,,,32505817,,,35628575,,,35797260,,,34549235,,,35155801,,,39272298,,,42535672,,,47238997,,,50599695,,,55704582,,,41654285,,,46739312,,,51932617,,,54005377,,,57277623,,,55798781,,,54373156,,,53463991,,,55579234,,,64227491,,,66043517,,,50947891,,,58698748,,,67377100,,
"TOTAL ALL PRODUCTS","France","Asia",34248201,,,33855996,,,35738797,,,32317512,,,30739790,,,31872938,,,32307400,,,32989705,,,40444848,,,48921857,,,54185160,,,62101228,,,70949117,,,79775224,,,69290596,,,81156701,,,93037541,,,94980635,,,95204643,,,95515240,,,85970254,,,83440708,,,94831233,,,100160051,,,96643953,,,79813964,,,96335332,,,96054474,,
"TOTAL ALL PRODUCTS","France","Europe",176218963,,,179083362,,,177919312,,,190302339,,,213796496,,,207726167,,,201583877,,,215849400,,,258041125,,,297438932,,,306855302,,,337512304,,,381278678,,,412810228,,,313367165,,,340863477,,,392119792,,,365718323,,,371480357,,,372354734,,,315956450,,,318174283,,,337584704,,,367437708,,,357882642,,,317336290,,,382273664,,,408202223,,
"TOTAL ALL PRODUCTS","France","Oceania",2335959,,,2439934,,,2452725,,,2300254,,,2667802,,,2281948,,,2522216,,,2945796,,,4069012,,,4916305,,,5022532,,,4511482,,,5148650,,,7335884,,,5335205,,,6180298,,,7751288,,,5911034,,,6343185,,,5855439,,,5061601,,,4758088,,,5022313,,,5234888,,,5614332,,,5102872,,,5814434,,,5693290,,
"TOTAL ALL PRODUCTS","Germany","Brazil",5057591,,,4800996,,,5123544,,,5376241,,,4698628,,,4623482,,,5027010,,,4581964,,,4620802,,,5775980,,,6814719,,,7419980,,,9405570,,,12845528,,,10199370,,,13849356,,,15627543,,,15151765,,,15134138,,,13945735,,,11053160,,,9535608,,,9707667,,,11273512,,,11474352,,,9761726,,,12443146,,,13692926,,
"TOTAL ALL PRODUCTS","Germany","Canada",2869731,,,2798538,,,3792839,,,3881967,,,3487189,,,3969642,,,4585309,,,5249583,,,5491323,,,6050303,,,6834173,,,8102181,,,8688309,,,9272656,,,7381632,,,8610314,,,10297239,,,11583623,,,11861049,,,11624787,,,11106873,,,10552836,,,11003630,,,12056024,,,12313775,,,10761952,,,11994973,,,13528870,,
"TOTAL ALL PRODUCTS","Germany","China",7538505,,,7223123,,,5937844,,,6666868,,,7269576,,,8609272,,,10714927,,,13710968,,,20620293,,,26071490,,,26339982,,,34596026,,,41106431,,,50408742,,,52262376,,,71552785,,,90642574,,,86102711,,,89316350,,,99201360,,,79426902,,,84528603,,,97721640,,,110452930,,,108330594,,,110372411,,,123585271,,,113383309,,
"TOTAL ALL PRODUCTS","Germany","France",62029409,,,58431309,,,52954907,,,58830295,,,61159776,,,62803030,,,61235632,,,63786532,,,79186813,,,93594208,,,98354819,,,106705583,,,128665995,,,137703127,,,113102144,,,118330726,,,140516046,,,131164664,,,131619154,,,133478427,,,113887944,,,111854018,,,119338148,,,124361109,,,119249537,,,103733109,,,121000352,,,121874755,,
"TOTAL ALL PRODUCTS","Germany","India",3194361,,,3116265,,,2508949,,,2149789,,,1902686,,,1918415,,,2016964,,,2227984,,,2767922,,,4095090,,,5208753,,,8004414,,,10130046,,,12127592,,,11327778,,,12382039,,,15190395,,,13445520,,,12219742,,,11885134,,,10870332,,,10907393,,,12144132,,,14878761,,,13439520,,,12262973,,,14787260,,,15801295,,
"TOTAL ALL PRODUCTS","Germany","Italy",39747800,,,39421243,,,36806517,,,39377302,,,39984427,,,41698240,,,41349910,,,43911295,,,55238627,,,65251082,,,67002331,,,74568764,,,89263638,,,91324176,,,70564377,,,77571212,,,85779447,,,71003599,,,70061898,,,71564795,,,64022981,,,67660841,,,73714997,,,82414017,,,75801863,,,69120009,,,88749001,,,91837980,,
"TOTAL ALL PRODUCTS","Germany","Japan",13163483,,,14088504,,,11386663,,,10152275,,,10741767,,,12137468,,,11403153,,,11628545,,,13400845,,,15788338,,,16610514,,,17424016,,,17913466,,,18950651,,,15461099,,,17686179,,,21397447,,,22236864,,,22872493,,,22779313,,,18938948,,,20389297,,,22155108,,,24239532,,,23241210,,,20003683,,,21754522,,,21831171,,
"TOTAL ALL PRODUCTS","Germany","Russian Federation",7197108,,,7601737,,,9295115,,,8020478,,,5266077,,,6092014,,,9034941,,,10633522,,,13732034,,,18643661,,,21413908,,,29457553,,,38755181,,,48826587,,,29592571,,,35937582,,,49359616,,,50180976,,,48738490,,,39845206,,,24649523,,,24515884,,,29926416,,,31350928,,,30445081,,,26996412,,,32147438,,,15745364,,
"TOTAL ALL PRODUCTS","Germany","South Africa",,,,,,,,,,,,,,,,3435665,,,3922845,,,4105048,,,5712122,,,7540980,,,8292675,,,9255811,,,9764952,,,10898000,,,8123963,,,10274481,,,12214959,,,11464125,,,11431424,,,11127907,,,10783106,,,9867231,,,10959102,,,10893895,,,10595337,,,7644867,,,9613420,,,10512206,,
"TOTAL ALL PRODUCTS","Germany","United Kingdom",43299137,,,42298443,,,42298298,,,45415297,,,44844388,,,45763130,,,46392573,,,50056536,,,62522830,,,75893395,,,75159998,,,81235846,,,97258871,,,94502660,,,74114907,,,77278975,,,89401172,,,90727204,,,94442690,,,104888480,,,98358592,,,94836232,,,96087011,,,96659171,,,88405572,,,76506797,,,77393305,,,78043826,,
"TOTAL ALL PRODUCTS","Germany","United States of America",38170340,,,39921427,,,42906198,,,50038874,,,53684167,,,56392629,,,59613961,,,63377330,,,69665327,,,80545783,,,86050473,,,98010962,,,100560788,,,105759527,,,76297833,,,87421805,,,103181346,,,112269321,,,119125993,,,127776387,,,126561005,,,118601932,,,126687319,,,134363439,,,133545758,,,119199210,,,144604026,,,165368717,,
"TOTAL ALL PRODUCTS","Germany","World",523696751,,,524165984,,,512440271,,,543555256,,,542835573,,,549606741,,,571426720,,,615997391,,,748531267,,,911742096,,,977131972,,,1121962900,,,1328841400,,,1457463000,,,1125844000,,,1267743100,,,1483802600,,,1410146300,,,1450937500,,,1498238400,,,1328500200,,,1337236600,,,1450310600,,,1562418800,,,1493266600,,,1385852300,,,1635599600,,,1665635700,,
"TOTAL ALL PRODUCTS","Germany","Africa",6930978,,,6463092,,,6447491,,,6795499,,,7107060,,,9605983,,,10572755,,,10924843,,,13662865,,,16903886,,,18390866,,,20898417,,,24109286,,,29341832,,,24718106,,,26864674,,,29278461,,,28537561,,,29401509,,,30278743,,,26891530,,,27412826,,,29194151,,,27196663,,,26970323,,,23335556,,,27661053,,,28229187,,
"TOTAL ALL PRODUCTS","Germany","Americas",53535475,,,55078972,,,60124310,,,69496056,,,71896817,,,74231783,,,78915408,,,82719800,,,89930766,,,105061725,,,114220633,,,130834294,,,138181384,,,150910011,,,110537885,,,132647547,,,154538140,,,166314218,,,174191328,,,180582733,,,175451227,,,164449913,,,176021835,,,189113214,,,186501527,,,163515790,,,199661056,,,223618379,,
"TOTAL ALL PRODUCTS","Germany","Asia",72751223,,,74578148,,,67596955,,,59168558,,,56859350,,,65385146,,,65498156,,,74385315,,,95531076,,,119992915,,,128302134,,,152603824,,,174202972,,,200872103,,,175759011,,,219956607,,,263561021,,,258375840,,,268100460,,,281168818,,,243501056,,,246941508,,,265189971,,,283704882,,,272054856,,,264208746,,,292960090,,,290112963,,
"TOTAL ALL PRODUCTS","Germany","Europe",346097896,,,345571848,,,326506014,,,355996383,,,384910826,,,395166212,,,397961148,,,428110149,,,542103590,,,661250414,,,707088505,,,807602732,,,980558469,,,1053520866,,,798951108,,,869349787,,,1009940285,,,928951240,,,951318465,,,980555301,,,857850167,,,876843964,,,955106558,,,1031758704,,,976876722,,,909509931,,,1081631148,,,1089793033,,
"TOTAL ALL PRODUCTS","Germany","Oceania",4596783,,,4086148,,,3928262,,,4024502,,,3932146,,,3676979,,,3893513,,,4700903,,,5653415,,,6822623,,,7366957,,,8011942,,,9544587,,,11238727,,,9922245,,,11952902,,,13211264,,,13826726,,,13246953,,,12748763,,,11375362,,,11528845,,,12855905,,,14577161,,,12611369,,,12308125,,,13967415,,,14912277,,
"TOTAL ALL PRODUCTS","India","Brazil",85886,,,132485,,,143390,,,133236,,,134865,,,192288,,,230498,,,361177,,,388209,,,541044,,,969812,,,1498121,,,1899790,,,3250050,,,1781931,,,3669558,,,5391310,,,6162712,,,6111836,,,7140522,,,3099148,,,2300195,,,2867436,,,3579185,,,4113988,,,3675781,,,6262205,,,9724341,,
"TOTAL ALL PRODUCTS","India","Canada",304496,,,352961,,,427915,,,472829,,,577560,,,643398,,,576740,,,686051,,,721768,,,824650,,,991107,,,1124705,,,1183971,,,1380025,,,1172273,,,1251410,,,1876570,,,2013613,,,2306880,,,2166284,,,2081219,,,1970163,,,2316420,,,2792801,,,2901550,,,2812148,,,3557180,,,4251366,,
"TOTAL ALL PRODUCTS","India","China",331692,,,614775,,,718123,,,427006,,,538367,,,734888,,,922542,,,1531604,,,2567162,,,4098514,,,7183792,,,7829168,,,9491978,,,10093927,,,10370052,,,17439991,,,16717786,,,14729317,,,16416825,,,13434251,,,9576579,,,8916073,,,12495230,,,16375997,,,17278833,,,19008267,,,23036597,,,15084401,,
"TOTAL ALL PRODUCTS","India","France",749216,,,718937,,,763864,,,836559,,,902765,,,975662,,,988894,,,1038846,,,1193968,,,1567639,,,2015680,,,2158616,,,2448934,,,3086398,,,3305272,,,4903030,,,5045984,,,5020327,,,5597194,,,5093449,,,4819482,,,4867883,,,5037498,,,5278760,,,5434291,,,4363548,,,6130379,,,8048230,,
"TOTAL ALL PRODUCTS","India","Germany",1971409,,,1892969,,,1921564,,,1851291,,,1731576,,,1821696,,,1784763,,,2030031,,,2357426,,,2683454,,,3483161,,,3851693,,,4726289,,,5915161,,,5848329,,,5989522,,,8260406,,,7133757,,,8081320,,,7745249,,,7023455,,,7178091,,,8233601,,,8953584,,,8569825,,,7656985,,,9513606,,,10441963,,
"TOTAL ALL PRODUCTS","India","Italy",1010932,,,933653,,,1114109,,,1054609,,,1118177,,,1266763,,,1267819,,,1268738,,,1581420,,,2041334,,,2528082,,,3386164,,,3779749,,,3999858,,,3297539,,,4187700,,,5049009,,,4294288,,,5617486,,,5445503,,,4228313,,,4463937,,,5655095,,,5521665,,,5189871,,,4347916,,,7703597,,,8508558,,
"TOTAL ALL PRODUCTS","India","Japan",2208881,,,2005868,,,1892519,,,1651421,,,1682140,,,1827671,,,1551244,,,1786977,,,1709802,,,1847648,,,2455239,,,2804220,,,3263389,,,3624209,,,3215709,,,4805077,,,5592608,,,6415550,,,7325476,,,5756879,,,4529718,,,3827283,,,4497962,,,4741094,,,4815593,,,4043285,,,6077163,,,5699962,,
"TOTAL ALL PRODUCTS","India","Russian Federation",1041826,,,811119,,,953198,,,709174,,,947204,,,855661,,,839595,,,738357,,,696330,,,631196,,,705685,,,845711,,,924103,,,1090744,,,964357,,,1393223,,,1893901,,,2144766,,,2418963,,,2217473,,,1611893,,,1813884,,,2138972,,,2334071,,,2871229,,,2559258,,,3334264,,,2927176,,
"TOTAL ALL PRODUCTS","India","South Africa",,,,,,,,,,,,,,,,307796,,,326689,,,470318,,,467434,,,891641,,,1404101,,,2094445,,,2129593,,,2480948,,,1959653,,,3650058,,,4319584,,,4973300,,,5742467,,,5722396,,,3814365,,,3243165,,,4072393,,,4019432,,,3982930,,,3498286,,,5989463,,,8265804,,
"TOTAL ALL PRODUCTS","India","United Kingdom",2006706,,,2049483,,,2095757,,,1855941,,,2029830,,,2207959,,,2196629,,,2409057,,,2769374,,,3409431,,,4958861,,,5383829,,,6286914,,,6597521,,,6528851,,,6436413,,,8879115,,,8100177,,,10559406,,,9665339,,,8891195,,,8565159,,,8954723,,,9747046,,,8797200,,,7767620,,,10374395,,,11235450,,
"TOTAL ALL PRODUCTS","India","United States of America",5505022,,,6558731,,,6737734,,,7200004,,,8379978,,,9304914,,,8404056,,,10388760,,,11186815,,,13105037,,,16542685,,,18705452,,,20133334,,,21407125,,,19128200,,,23587442,,,32919043,,,37170686,,,41956732,,,42684740,,,40312703,,,41992468,,,46018077,,,51660711,,,54288194,,,49320596,,,71510497,,,80230193,,
"TOTAL ALL PRODUCTS","India","World",31698567,,,33468591,,,34793751,,,33207325,,,36671914,,,42358096,,,43878489,,,50097958,,,59360659,,,75904200,,,100352637,,,121200606,,,145898053,,,181860898,,,176765036,,,220408496,,,301483250,,,289564769,,,336611389,,,317544642,,,264381004,,,260326912,,,294364490,,,322492100,,,323250726,,,275488745,,,394813673,,,452684214,,
"TOTAL ALL PRODUCTS","India","Africa",1319068,,,1266043,,,1497888,,,1661112,,,1592459,,,2189140,,,2810437,,,3018077,,,3622042,,,4804821,,,6734154,,,9470625,,,12441357,,,15383311,,,13310993,,,17887060,,,23345977,,,27314573,,,34076004,,,34629974,,,25640343,,,22614598,,,24358149,,,27024794,,,29592626,,,26045237,,,37881757,,,49583038,,
"TOTAL ALL PRODUCTS","India","Americas",6170522,,,7388625,,,7868906,,,8286487,,,9618381,,,10849061,,,10053620,,,12284597,,,13129124,,,15726744,,,20364675,,,23729318,,,25825361,,,29823331,,,25408698,,,34154212,,,47991863,,,54011901,,,58638760,,,60363867,,,53372029,,,54298457,,,60282258,,,67681198,,,70890694,,,64589989,,,93491803,,,107266045,,
"TOTAL ALL PRODUCTS","India","Asia",12575851,,,13382661,,,13306799,,,11940840,,,13613902,,,15816937,,,16684163,,,20669950,,,26905751,,,35948631,,,47756082,,,58569492,,,72357569,,,92098702,,,90534297,,,118363498,,,149775265,,,149785689,,,171138418,,,160791178,,,130467236,,,127446754,,,147956892,,,158803212,,,154478456,,,128836209,,,179443750,,,193481892,,
"TOTAL ALL PRODUCTS","India","Europe",9280758,,,9075087,,,9628018,,,9069740,,,11034023,,,11698340,,,11766430,,,12627552,,,14920013,,,18212464,,,24254409,,,27791488,,,33789646,,,42044005,,,38920575,,,45153944,,,59002668,,,52965879,,,61457350,,,56371647,,,49247006,,,50997997,,,55416990,,,62186087,,,62279066,,,51298070,,,75456666,,,90494495,,
"TOTAL ALL PRODUCTS","India","Oceania",441616,,,456803,,,519685,,,463290,,,490956,,,478994,,,490847,,,592956,,,713233,,,787751,,,1024349,,,1449736,,,1268598,,,1718297,,,1724306,,,1911335,,,2525333,,,3052031,,,2823223,,,3045491,,,3778182,,,3368923,,,4325624,,,4257146,,,3532052,,,4044094,,,7591021,,,8978006,,
"TOTAL ALL PRODUCTS","Italy","Brazil",3169723,,,3113240,,,3516479,,,3299231,,,2524490,,,2251564,,,2321600,,,1868692,,,1798404,,,2213696,,,2502129,,,2797130,,,3509286,,,4915103,,,3756364,,,5091822,,,6612769,,,6419382,,,6737733,,,6228156,,,4288709,,,3541616,,,4287671,,,4574680,,,4440078,,,4138194,,,5409600,,,5789045,,
"TOTAL ALL PRODUCTS","Italy","Canada",2151177,,,1820071,,,1871175,,,1974684,,,1993960,,,2158118,,,2302926,,,2317871,,,2722267,,,3001039,,,3014325,,,3376370,,,3751276,,,3819996,,,2883320,,,3137980,,,3749817,,,3709760,,,4017028,,,4109318,,,4078508,,,4090435,,,4439217,,,4858542,,,5032274,,,4875750,,,5716244,,,7211085,,
"TOTAL ALL PRODUCTS","Italy","China",2694704,,,2868644,,,2528461,,,2055081,,,1933024,,,2160811,,,2903965,,,3750222,,,4296244,,,5451982,,,5658605,,,7139124,,,8619928,,,9460529,,,9246315,,,11370047,,,13859845,,,11567294,,,13068832,,,13931561,,,11542515,,,12234173,,,15239908,,,15513610,,,14519418,,,14678167,,,18518366,,,18592412,,
"TOTAL ALL PRODUCTS","Italy","France",30262758,,,32041425,,,29010534,,,30901578,,,30766279,,,30417030,,,29921849,,,30944845,,,37004620,,,43465554,,,45522112,,,49116844,,,57547830,,,60975938,,,47400942,,,51724538,,,60240177,,,55577459,,,56148069,,,55781499,,,47291424,,,48692317,,,52348142,,,57500672,,,56604054,,,51614465,,,63223815,,,69896356,,
"TOTAL ALL PRODUCTS","Italy","Germany",43236426,,,44087702,,,38960091,,,39892103,,,39031960,,,36321757,,,35701139,,,34971601,,,41823073,,,47911771,,,48806614,,,55162722,,,64758987,,,69285481,,,51525071,,,57766852,,,68230665,,,62768608,,,64356077,,,66568028,,,56269723,,,58311990,,,63318719,,,68756281,,,65509541,,,64060377,,,79761126,,,86759812,,
"TOTAL ALL PRODUCTS","Italy","India",1094743,,,1214567,,,1059519,,,1081606,,,792853,,,916297,,,875847,,,957578,,,1194971,,,1540707,,,2043523,,,2718800,,,4104911,,,4544302,,,3814926,,,4237984,,,4932280,,,4301530,,,3945214,,,4031753,,,3712029,,,3621178,,,4034496,,,4675976,,,4468969,,,3458062,,,4587382,,,5410688,,
"TOTAL ALL PRODUCTS","Italy","Japan",5345994,,,5583159,,,4714118,,,4044132,,,3700952,,,3978300,,,4177536,,,4216762,,,4872517,,,5354369,,,5611632,,,5628879,,,5909929,,,6251746,,,5180850,,,5279306,,,6559392,,,7240167,,,7996573,,,7112261,,,6104324,,,6663467,,,7404924,,,7639885,,,8632719,,,8129701,,,8929576,,,9048043,,
"TOTAL ALL PRODUCTS","Italy","Russian Federation",2868677,,,3717366,,,3850464,,,3021430,,,1827536,,,2322661,,,3159169,,,3576152,,,4331886,,,6147227,,,7536647,,,9573983,,,13101855,,,15395629,,,8971082,,,10448333,,,12924863,,,12828033,,,14301937,,,12615965,,,7862631,,,7402633,,,8987781,,,8942305,,,8824050,,,8081698,,,9072296,,,6646331,,
"TOTAL ALL PRODUCTS","Italy","South Africa",,,,,,,,,,,,,,,,904244,,,950286,,,939501,,,1073830,,,1397199,,,1586380,,,1993368,,,2115542,,,2105487,,,1495628,,,1750802,,,2365314,,,2283297,,,2526352,,,2499127,,,2109859,,,1764090,,,2090584,,,2371885,,,2083003,,,1723557,,,2658877,,,2642696,,
"TOTAL ALL PRODUCTS","Italy","United Kingdom",14288773,,,16324948,,,16937979,,,17435638,,,16855137,,,16564140,,,16455279,,,17646675,,,21006888,,,24918697,,,24394586,,,25326579,,,29111005,,,28424578,,,20856553,,,23069823,,,24172152,,,24367367,,,26016913,,,27799021,,,24783064,,,24802558,,,26195222,,,28124184,,,28248709,,,25777808,,,27694255,,,30604783,,
"TOTAL ALL PRODUCTS","Italy","United States of America",16897663,,,18450176,,,18912678,,,20769905,,,21775741,,,24562731,,,23426160,,,24292638,,,24757276,,,27691637,,,29666679,,,30833553,,,33247913,,,33873739,,,23857712,,,26826432,,,31662267,,,34246957,,,35909527,,,39508766,,,39881613,,,40821344,,,45684759,,,50118654,,,50990415,,,48473451,,,58372634,,,73120873,,
"TOTAL ALL PRODUCTS","Italy","World",230441484,,,252098576,,,238265778,,,242102206,,,234962951,,,238651236,,,242640592,,,252238686,,,296907926,,,350902541,,,370180743,,,416848747,,,499871159,,,542727535,,,406900260,,,446839830,,,523256296,,,501528851,,,518095103,,,529528733,,,456988626,,,461667625,,,507430236,,,549906996,,,537748429,,,498803832,,,615910260,,,700314893,,
"TOTAL ALL PRODUCTS","Italy","Africa",6830989,,,7055783,,,7451098,,,8805441,,,7159168,,,8345547,,,8921586,,,9316330,,,10894150,,,12826746,,,14157957,,,15847069,,,19994814,,,26442278,,,22420969,,,23442409,,,22065945,,,24385351,,,27079734,,,26759937,,,20833652,,,19139514,,,19680135,,,21269240,,,19358651,,,17171962,,,21202618,,,23803159,,
"TOTAL ALL PRODUCTS","Italy","Americas",27126290,,,30071797,,,31161521,,,33479356,,,32861758,,,36123594,,,34682029,,,34738172,,,35575076,,,40236424,,,42877250,,,46597355,,,53427209,,,55594598,,,39321156,,,44488396,,,54889856,,,57280270,,,59290001,,,62083547,,,59223684,,,59196157,,,66240925,,,71948279,,,71598548,,,66861958,,,81763929,,,101939201,,
"TOTAL ALL PRODUCTS","Italy","Asia",34490621,,,38948996,,,34962533,,,28999890,,,25714992,,,29365183,,,30714200,,,32666215,,,38093794,,,46067030,,,49414797,,,56658516,,,69285463,,,78160090,,,64529406,,,71158887,,,86485912,,,84349260,,,89400940,,,91042773,,,79770431,,,78796917,,,86492514,,,87567600,,,83550689,,,75405748,,,92168323,,,104992236,,
"TOTAL ALL PRODUCTS","Italy","Europe",152018619,,,164442765,,,153946052,,,160006835,,,163278907,,,161372241,,,165032374,,,171957283,,,207929253,,,246484773,,,258245939,,,292277855,,,349878668,,,372723427,,,273704439,,,297081774,,,346301977,,,324935465,,,331611332,,,339084447,,,288291015,,,295067011,,,324733526,,,356225678,,,350004727,,,328423230,,,405459891,,,450955864,,
"TOTAL ALL PRODUCTS","Italy","Oceania",1894594,,,2186387,,,2046910,,,2058083,,,2102732,,,2061999,,,2064670,,,2471058,,,3081082,,,3740025,,,3758779,,,3728118,,,4610593,,,5199729,,,3868026,,,4120966,,,4953980,,,5644802,,,5778161,,,5508535,,,4562677,,,5050525,,,5130521,,,5564496,,,5376782,,,5042340,,,6302960,,,7163251,,
"TOTAL ALL PRODUCTS","Japan","Brazil",2584489,,,2217561,,,2929554,,,2623850,,,2044186,,,2522235,,,2474448,,,1812270,,,1880629,,,2349335,,,2712566,,,3044769,,,3994325,,,5914510,,,4234919,,,6201059,,,6206737,,,5925732,,,5659958,,,4724517,,,3930772,,,2791693,,,3392880,,,4000190,,,3763061,,,2957107,,,4187695,,,4318244,,
"TOTAL ALL PRODUCTS","Japan","Canada",5819556,,,5120753,,,6101131,,,6347548,,,6927091,,,7477935,,,6564225,,,7340305,,,7395106,,,7640176,,,8805555,,,9956230,,,10539908,,,10765196,,,7748128,,,9326254,,,8908722,,,10259056,,,8689711,,,7986542,,,7735540,,,8162346,,,9592387,,,9326490,,,8876493,,,7244489,,,8354141,,,8608306,,
"TOTAL ALL PRODUCTS","Japan","China",21991316,,,21886793,,,21745509,,,20086250,,,23340189,,,30382096,,,30994260,,,39824770,,,57416822,,,73938663,,,80074348,,,92769551,,,109270656,,,124900515,,,109727428,,,149450759,,,162035386,,,144184828,,,129401394,,,126361386,,,109277767,,,113830234,,,132781187,,,144033052,,,134673080,,,141399200,,,163860266,,,144539096,,
"TOTAL ALL PRODUCTS","Japan","France",6169648,"Incomplete territorial aggregate",,5500012,,,5725585,,,6284417,,,6906633,,,7491373,,,6281121,,,6172002,,,7116747,,,8407582,,,7805606,,,7666529,,,8413478,,,9111878,,,6213708,,,6706466,,,8196590,,,6700046,,,6304548,,,5945717,,,5260895,,,6239737,,,6283165,,,7323324,,,6843229,,,5665720,,,6681061,,,6414079,,
"TOTAL ALL PRODUCTS","Japan","Germany",20348943,,,18198349,,,18000404,,,19076230,,,18634327,,,19996910,,,15619650,,,14122267,,,16422575,,,18963509,,,18646424,,,20417588,,,22636201,,,23955461,,,16653366,,,20290087,,,23502535,,,20795608,,,18959230,,,19054719,,,16236971,,,17652733,,,18946116,,,20888549,,,20226925,,,17581161,,,20764843,,,19552223,,
"TOTAL ALL PRODUCTS","Japan","India",2538340,,,2431605,,,2213065,,,2409561,,,2420351,,,2486092,,,1924664,,,1870339,,,2391169,,,3043678,,,3517897,,,4452963,,,6155892,,,7895493,,,6338462,,,9042207,,,11077856,,,10590546,,,8593032,,,8130224,,,8109855,,,8188759,,,8857207,,,11010371,,,10975132,,,9103150,,,12856576,,,13927701,,
"TOTAL ALL PRODUCTS","Japan","Italy",4081802,,,3383885,,,3792818,,,4238243,,,5077867,,,5792676,,,4814306,,,4492177,,,5501133,,,6456121,,,5724733,,,6427607,,,6724854,,,6804704,,,4803933,,,5592430,,,5333780,,,3660248,,,3272318,,,3514047,,,3594211,,,4708755,,,4893423,,,4698120,,,4598801,,,3780566,,,5004039,,,5307034,,
"TOTAL ALL PRODUCTS","Japan","Russian Federation",1153515,,,1023001,,,1013946,,,977669,,,480353,,,569743,,,716613,,,944973,,,1765173,,,3119392,,,4488231,,,7059428,,,10769761,,,16534098,,,3285883,,,8026079,,,11813424,,,12591435,,,10957793,,,9177180,,,5104332,,,5100323,,,6008013,,,7297557,,,7178485,,,5886023,,,7857200,,,4606236,,
"TOTAL ALL PRODUCTS","Japan","South Africa",,,,,,,,,,,,,,,,1863300,,,1494967,,,1553833,,,2031662,,,2907558,,,3273581,,,4057167,,,4610550,,,4627725,,,2606680,,,3830195,,,4316680,,,4062061,,,3462935,,,3239560,,,2689898,,,2230509,,,2514489,,,2519433,,,2415434,,,1671186,,,2362282,,,2349816,,
"TOTAL ALL PRODUCTS","Japan","United Kingdom",14113494,,,12476349,,,13711513,,,14598700,,,14196145,,,14831133,,,12146534,,,11978656,,,13226493,,,14976454,,,15073381,,,15211178,,,16314872,,,16463762,,,11814502,,,14173715,,,16382201,,,13337751,,,11105603,,,11183006,,,10740097,,,13659024,,,13726405,,,13900288,,,13880140,,,10737768,,,10366334,,,11025460,,
"TOTAL ALL PRODUCTS","Japan","United States of America",122024090,,,112990834,,,118412496,,,119845236,,,129796945,,,142480029,,,122542922,,,120388714,,,117542209,,,128693890,,,135946685,,,147197747,,,145624196,,,138704955,,,95302741,,,120338243,,,127674665,,,142084775,,,134539553,,,130773312,,,126387232,,,130585866,,,135094799,,,140713379,,,140498531,,,118793186,,,135975915,,,139767573,,
"TOTAL ALL PRODUCTS","Japan","World",442937360,,,410946941,,,421052868,,,388136156,,,417610125,,,479275540,,,403344077,,,416729388,,,472006874,,,565761137,,,594940866,,,646725059,,,714327036,,,781412163,,,580718734,,,769773832,,,823183759,,,798620023,,,715097244,,,690217466,,,624873508,,,644932439,,,698131224,,,738195055,,,705671083,,,641282568,,,757066261,,,746672097,,
"TOTAL ALL PRODUCTS","Japan","Africa",4882245,,,3624949,,,3458545,,,3876521,,,3654545,,,4907954,,,4311032,,,4817592,,,5456227,,,7502563,,,8059157,,,9312546,,,11487224,,,13305820,,,9443694,,,12004434,,,13169817,,,12890401,,,11384315,,,10415582,,,8527225,,,7685238,,,7479777,,,8110067,,,8973145,,,7918255,,,9578289,,,9628954,,
"TOTAL ALL PRODUCTS","Japan","Americas",146309563,,,134835932,,,144298666,,,145779362,,,154615403,,,170941303,,,145523870,,,142511811,,,140091404,,,156252595,,,167908185,,,186006944,,,189446942,,,188686541,,,134409222,,,172017869,,,178819305,,,193436289,,,177644783,,,170490276,,,161420580,,,165781482,,,172476394,,,180010587,,,178323142,,,146896575,,,171581817,,,175849450,,
"TOTAL ALL PRODUCTS","Japan","Asia",202600203,,,191795751,,,189011268,,,148838490,,,166305071,,,208298460,,,173942159,,,191830667,,,233625000,,,290882530,,,307104835,,,329588864,,,373406745,,,423117756,,,338117820,,,460516917,,,489582184,,,468790583,,,417258030,,,405043876,,,362374118,,,369428991,,,407660187,,,431838192,,,404285639,,,388152909,,,461482309,,,447185857,,
"TOTAL ALL PRODUCTS","Japan","Europe",71359472,,,64309245,,,67945779,,,73360910,,,80803452,,,84788774,,,70198173,,,67289121,,,80522684,,,96185410,,,96197771,,,106284486,,,122026417,,,135039375,,,83602048,,,104693356,,,119245153,,,100467943,,,87990845,,,85744829,,,75188415,,,83511319,,,89974227,,,96451511,,,95229248,,,82476858,,,94413158,,,92567383,,
"TOTAL ALL PRODUCTS","Japan","Oceania",10436420,,,9986967,,,10307715,,,9759555,,,10590639,,,10294985,,,9316824,,,10220180,,,12252287,,,14825061,,,15525581,,,15476929,,,17907374,,,21214936,,,15109260,,,20506615,,,22327961,,,23008024,,,20797933,,,18492295,,,17341791,,,18500511,,,20517435,,,21763356,,,18834919,,,15821180,,,19990740,,,21412830,,
"TOTAL ALL PRODUCTS","Russian Federation","Brazil",96200,"Estimated",,109092,,,146330,,,177190,,,194268,,,258560,,,191162,,,229980,,,256848,,,368603,,,605634,,,725852,,,1129761,,,2040699,,,1083000,,,1722941,,,2102530,,,2304867,,,1984660,,,2289530,,,1922923,,,2337851,,,2658170,,,2584083,,,2454720,,,1994237,,,5261220,,,8317052,"Estimated",
"TOTAL ALL PRODUCTS","Russian Federation","Canada",78924,"Estimated",,89488,,,134940,,,140317,,,115546,,,88905,,,59740,,,85033,,,265725,,,500446,,,200427,,,362345,,,332390,,,939836,,,489000,,,768957,,,536751,,,345255,,,471421,,,604519,,,452107,,,423475,,,651404,,,580644,,,817219,,,319074,,,737710,,,1039909,"Estimated",
"TOTAL ALL PRODUCTS","Russian Federation","China",3495042,"Estimated",,3963561,,,3981394,,,3199632,,,3526768,,,5247620,,,5596013,,,6836947,,,8257599,,,10105069,,,13047745,,,15757053,,,15166641,,,21147334,,,16669000,,,19783043,,,34692362,,,35766830,,,35625420,,,37414604,,,28334955,,,29953377,,,41671349,,,56019904,,,57321296,,,49146337,,,68679248,,,67403459,"Estimated",
"TOTAL ALL PRODUCTS","Russian Federation","France",1276154,"Estimated. Incomplete territorial aggregate",,1447215,,,1626105,,,1456016,,,1218031,,,1913697,,,2250075,,,2658767,,,3490966,,,4424658,,,6127752,,,7623849,,,6222012,,,12282139,,,8750918,,,9321758,,,10852220,,,7420066,,,5928166,,,4839236,,,3066523,,,4983034,,,6028246,,,7781230,,,6456447,,,4757525,,,9910302,,,12749170,"Estimated",
"TOTAL ALL PRODUCTS","Russian Federation","Germany",5769612,"Estimated",,6543007,,,6531072,,,5720608,,,6202244,,,9231829,,,9194176,,,8059299,,,10419866,,,13302044,,,19735913,,,24499816,,,18604906,,,33187252,,,18708182,,,15862275,,,22766472,,,24039166,,,22962139,,,24950268,,,15906242,,,21452143,,,26202990,,,34184358,,,28049418,,,18618931,,,29645649,,,29634295,"Estimated",
"TOTAL ALL PRODUCTS","Russian Federation","India",435557,"Estimated",,493939,,,917652,,,585127,,,1177240,,,1081684,,,1120423,,,1610552,,,2735373,,,2502043,,,2314004,,,2925514,,,3033606,,,5231012,,,5937000,,,5406299,,,4665704,,,7566693,,,6982660,,,4395697,,,4549941,,,5823066,,,7125588,,,7751475,,,7308334,,,5798193,,,9128108,,,12107687,"Estimated",
"TOTAL ALL PRODUCTS","Russian Federation","Italy",,,,2728985,,,3564252,,,3221707,,,3754985,,,7254325,,,7401528,,,7442133,,,8514861,,,12087832,,,19055788,,,25102839,,,22631149,,,41955811,,,25060000,,,24375011,,,27898666,,,28007565,,,29156006,,,28986126,,,16204284,,,12284662,,,14044516,,,16400964,,,14341896,,,10071345,,,19284242,,,26233417,"Estimated",
"TOTAL ALL PRODUCTS","Russian Federation","Japan",2185840,"Estimated",,2478853,,,2935048,,,2193670,,,2124691,,,2764309,,,2426637,,,1803313,,,2421423,,,3403888,,,3740270,,,4624672,,,7490643,,,10429043,,,7262993,,,12493562,,,14234690,,,15588027,,,19667508,,,19830781,,,14426352,,,9845580,,,11013598,,,12440342,,,11354761,,,9053904,,,10726012,,,12992567,"Estimated",
"TOTAL ALL PRODUCTS","Russian Federation","South Africa",,,,,,,,,,,,,,,,33628,,,5844,,,40209,,,6927,,,9070,,,25241,,,20085,,,14329,,,40281,,,195284,,,45772,,,114617,,,278745,,,286229,,,285704,,,274310,,,202413,,,205647,,,285742,,,280694,,,288385,,,342222,,,407752,"Estimated",
"TOTAL ALL PRODUCTS","Russian Federation","United Kingdom",2511172,"Estimated",,2847794,,,3054527,,,3024791,,,2885676,,,4670042,,,4282863,,,3802771,,,4918644,,,5640218,,,8280331,,,10391217,,,9902298,,,14904714,,,9073000,,,9695647,,,10349919,,,12561813,,,12354672,,,7503797,,,4523692,,,7061743,,,8862350,,,9769721,,,13271652,,,23158449,,,22274620,,,20440586,"Estimated",
"TOTAL ALL PRODUCTS","Russian Federation","United States of America",3393041,"Estimated",,3847874,,,4486023,,,5137923,,,4713984,,,4648016,,,4198805,,,4019994,,,4274224,,,6625955,,,6366077,,,8851517,,,7311805,,,13752790,,,9286431,,,11933020,,,15626335,,,13022324,,,11177056,,,9553488,,,8393105,,,10097661,,,11790526,,,12569089,,,13189241,,,10958393,,,17747761,,,16478371,"Estimated",
"TOTAL ALL PRODUCTS","Russian Federation","World",78217276,"Estimated",,88702812,,,85889245,,,72275585,,,72885000,,,103092748,,,99868397,,,106691998,,,133655685,,,181600379,,,241451657,,,301550666,,,352266399,,,467993955,,,301796059,,,397067521,,,516992618,,,524766421,,,527265919,,,497833529,,,343907652,,,301780443,,,379206606,,,451494828,,,426720333,,,337103970,,,492313791,,,585904699,"Estimated",
"TOTAL ALL PRODUCTS","Russian Federation","Africa",549647,,,623235,,,742940,,,1014463,,,1058404,,,1090191,,,1131443,,,1420538,,,1325177,,,2163293,,,2559640,,,3155001,,,4164796,,,6284901,,,5264233,,,4890359,,,8227741,,,9663719,,,7222798,,,8450119,,,7353765,,,11619686,,,15178052,,,17401809,,,13935024,,,11854319,,,14672103,,,24677307,,
"TOTAL ALL PRODUCTS","Russian Federation","Americas",6214994,,,7048056,,,6698953,,,7350809,,,7738104,,,9157375,,,8206266,,,7466331,,,8043456,,,10315049,,,11482106,,,14143120,,,12177759,,,21361398,,,13132441,,,16842678,,,23981791,,,20354690,,,19864292,,,16479202,,,13749433,,,16561338,,,19463874,,,21257637,,,20461236,,,15903545,,,30753522,,,35327233,,
"TOTAL ALL PRODUCTS","Russian Federation","Asia",14792211,,,16774634,,,18169442,,,14559064,,,14508227,,,20610142,,,22098453,,,24439672,,,31658314,,,42529739,,,52598133,,,63640281,,,74712622,,,110979892,,,80850980,,,98191927,,,126748372,,,136855856,,,147663354,,,146374187,,,107790361,,,109065667,,,140555425,,,164944790,,,162453443,,,142250409,,,195824291,,,243229491,,
"TOTAL ALL PRODUCTS","Russian Federation","Europe",44359845,,,53035038,,,56883816,,,48612218,,,49263766,,,72226482,,,68379304,,,73302827,,,92539586,,,126491683,,,174719978,,,220553448,,,217848720,,,329253345,,,198857604,,,226861236,,,285386595,,,295248235,,,284811970,,,259042452,,,161375711,,,164008097,,,202276053,,,246099284,,,227617881,,,166000426,,,249924529,,,282306344,,
"TOTAL ALL PRODUCTS","Russian Federation","Oceania",12730,,,14422,,,32804,,,19078,,,10087,,,8234,,,20519,,,19219,,,44810,,,52217,,,62709,,,34041,,,60416,,,93953,,,239881,,,134257,,,80361,,,205644,,,419843,,,562471,,,540126,,,181037,,,209316,,,181176,,,335972,,,386705,,,303713,,,364323,,
"TOTAL ALL PRODUCTS","South Africa","Brazil",215044,"Estimated. estimate",,223435,"Estimated. estimate",,234796,"Estimated. estimate",,209529,"Estimated. estimate",,198261,"Estimated. estimate",,179872,"Estimated",,202864,"Estimated",,125105,"Estimated",,143708,"Estimated",,197533,"Estimated",,264707,"Estimated",,334649,"Estimated",,415689,"Estimated",,550853,"Estimated",,289198,"Estimated",,667993,"Estimated",,795592,"Estimated",,695385,"Estimated",,572988,"Estimated",,574678,"Estimated",,563102,"Estimated",,298791,"Estimated",,408315,"Estimated",,497140,"Estimated",,521657,"Estimated",,411139,"Estimated",,666637,"Estimated",,611384,"Estimated",
"TOTAL ALL PRODUCTS","South Africa","Canada",242366,"Estimated. estimate",,252230,"Estimated. estimate",,275352,"Estimated. estimate",,226672,"Estimated. estimate",,224937,"Estimated. estimate",,230893,"Estimated",,175708,"Estimated",,165303,"Estimated",,213262,"Estimated",,324067,"Estimated",,426292,"Estimated",,457937,"Estimated",,705656,"Estimated",,462579,"Estimated",,325880,"Estimated",,556247,"Estimated",,644697,"Estimated",,474835,"Estimated",,402909,"Estimated",,689999,"Estimated",,484385,"Estimated",,451395,"Estimated",,482201,"Estimated",,472209,"Estimated",,472144,"Estimated",,784232,"Estimated",,768800,"Estimated",,942267,"Estimated",
"TOTAL ALL PRODUCTS","South Africa","China",685798,"Estimated. estimate",,725084,"Estimated. estimate",,754424,"Estimated. estimate",,652124,"Estimated. estimate",,678066,"Estimated. estimate",,554714,"Estimated",,615898,"Estimated",,579997,"Estimated",,998613,"Estimated",,1490967,"Estimated",,1874869,"Estimated",,2401791,"Estimated",,4173692,"Estimated",,5044141,"Estimated",,5044999,"Estimated",,9446605,"Estimated",,19943725,"Estimated",,22689269,"Estimated",,24373415,"Estimated",,21804432,"Estimated",,13021303,"Estimated",,12653427,"Estimated",,14368378,"Estimated",,15452578,"Estimated",,15316191,"Estimated",,13512469,"Estimated",,20527231,"Estimated",,18506534,"Estimated",
"TOTAL ALL PRODUCTS","South Africa","France",624393,"Estimated. estimate",,657538,"Estimated. estimate",,691100,"Estimated. estimate",,592512,"Estimated. estimate",,607760,"Estimated. estimate",,517333,"Estimated",,525085,"Estimated",,500584,"Estimated",,621965,"Estimated",,773001,"Estimated",,883257,"Estimated",,913889,"Estimated",,1057972,"Estimated",,1105167,"Estimated",,653194,"Estimated",,974663,"Estimated",,967464,"Estimated",,768331,"Estimated",,786175,"Estimated",,777214,"Estimated",,664505,"Estimated",,695625,"Estimated",,806086,"Estimated",,870508,"Estimated",,816138,"Estimated",,484619,"Estimated",,655446,"Estimated",,767828,"Estimated",
"TOTAL ALL PRODUCTS","South Africa","Germany",2210555,"Estimated. estimate",,2317157,"Estimated. estimate",,2458564,"Estimated. estimate",,2097308,"Estimated. estimate",,2112403,"Estimated. estimate",,1891763,"Estimated",,1888134,"Estimated",,1580601,"Estimated",,1985027,"Estimated",,2570517,"Estimated",,2814059,"Estimated",,3398836,"Estimated",,4107009,"Estimated",,4726780,"Estimated",,2954252,"Estimated",,5372839,"Estimated",,5956896,"Estimated",,4081766,"Estimated",,3783229,"Estimated",,4095655,"Estimated",,4729719,"Estimated",,5049026,"Estimated",,5884352,"Estimated",,6625964,"Estimated",,7389058,"Estimated",,6873831,"Estimated",,9986076,"Estimated",,9309827,"Estimated",
"TOTAL ALL PRODUCTS","South Africa","India",821851,"Estimated. estimate",,873015,"Estimated. estimate",,915024,"Estimated. estimate",,768523,"Estimated. estimate",,827515,"Estimated. estimate",,607333,"Estimated",,606505,"Estimated",,675970,"Estimated",,751623,"Estimated",,879071,"Estimated",,1384936,"Estimated",,1130870,"Estimated",,1599555,"Estimated",,2674985,"Estimated",,2239268,"Estimated",,4047636,"Estimated",,5134051,"Estimated",,4659590,"Estimated",,3890882,"Estimated",,3829249,"Estimated",,3841426,"Estimated",,3450870,"Estimated",,4658903,"Estimated",,4601562,"Estimated",,4401687,"Estimated",,4028233,"Estimated",,6039173,"Estimated",,6367957,"Estimated",
"TOTAL ALL PRODUCTS","South Africa","Italy",1295583,"Estimated. estimate",,1348503,"Estimated. estimate",,1472541,"Estimated. estimate",,1210981,"Estimated. estimate",,1203114,"Estimated. estimate",,1251544,"Estimated",,990657,"Estimated",,896858,"Estimated",,967111,"Estimated",,1370873,"Estimated",,1609222,"Estimated",,1643358,"Estimated",,2000495,"Estimated",,2052341,"Estimated",,1187340,"Estimated",,1772224,"Estimated",,2029349,"Estimated",,1512371,"Estimated",,1267233,"Estimated",,1342315,"Estimated",,1311495,"Estimated",,1122326,"Estimated",,1109530,"Estimated",,1142701,"Estimated",,1029113,"Estimated",,954862,"Estimated",,1480932,"Estimated",,1963222,"Estimated",
"TOTAL ALL PRODUCTS","South Africa","Japan",2012752,"Estimated. estimate",,2108042,"Estimated. estimate",,2241072,"Estimated. estimate",,1909111,"Estimated. estimate",,1916901,"Estimated. estimate",,1764435,"Estimated",,1722576,"Estimated",,1481449,"Estimated",,2464105,"Estimated",,3236227,"Estimated",,4155005,"Estimated",,5004582,"Estimated",,5717268,"Estimated",,6353953,"Estimated",,3202965,"Estimated",,6081365,"Estimated",,7208037,"Estimated",,4994293,"Estimated",,4966024,"Estimated",,4320334,"Estimated",,3853200,"Estimated",,3320474,"Estimated",,3954199,"Estimated",,4128733,"Estimated",,4063712,"Estimated",,4228222,"Estimated",,8076943,"Estimated",,7776164,"Estimated",
"TOTAL ALL PRODUCTS","South Africa","Russian Federation",47476,"Estimated. estimate",,50421,"Estimated. estimate",,53207,"Estimated. estimate",,44108,"Estimated. estimate",,47765,"Estimated. estimate",,38510,"Estimated",,29820,"Estimated",,42936,"Estimated",,67430,"Estimated",,83752,"Estimated",,79310,"Estimated",,99848,"Estimated",,152047,"Estimated",,232513,"Estimated",,166490,"Estimated",,313330,"Estimated",,297085,"Estimated",,432538,"Estimated",,439356,"Estimated",,397751,"Estimated",,343267,"Estimated",,333158,"Estimated",,423164,"Estimated",,472166,"Estimated",,476620,"Estimated",,441842,"Estimated",,495940,"Estimated",,302325,"Estimated",
"TOTAL ALL PRODUCTS","South Africa","United Kingdom",2974757,"Estimated. estimate",,3123278,"Estimated. estimate",,3287617,"Estimated. estimate",,2835538,"Estimated. estimate",,2861194,"Estimated. estimate",,2819653,"Estimated",,3366019,"Estimated",,2875969,"Estimated",,3760563,"Estimated",,4234075,"Estimated",,4696216,"Estimated",,5371724,"Estimated",,5903029,"Estimated",,6893481,"Estimated",,5149195,"Estimated",,5801958,"Estimated",,6274533,"Estimated",,5432027,"Estimated",,3179892,"Estimated",,4174099,"Estimated",,3933823,"Estimated",,5587414,"Estimated",,5121213,"Estimated",,5531512,"Estimated",,5662684,"Estimated",,5431217,"Estimated",,7909146,"Estimated",,5985864,"Estimated",
"TOTAL ALL PRODUCTS","South Africa","United States of America",3178209,"Estimated. estimate",,3324012,"Estimated. estimate",,3517637,"Estimated. estimate",,3036688,"Estimated. estimate",,3009809,"Estimated. estimate",,2699447,"Estimated",,2853213,"Estimated",,2232858,"Estimated",,3163894,"Estimated",,4028759,"Estimated",,4271223,"Estimated",,5359553,"Estimated",,6511430,"Estimated",,6767403,"Estimated",,3849604,"Estimated",,6917906,"Estimated",,7944383,"Estimated",,6844494,"Estimated",,6240629,"Estimated",,6074175,"Estimated",,5857525,"Estimated",,5338053,"Estimated",,6411014,"Estimated",,6413500,"Estimated",,6096814,"Estimated",,8201402,"Estimated",,12383741,"Estimated",,10651725,"Estimated",
"TOTAL ALL PRODUCTS","South Africa","World",27853000,"Estimated. estimate",,29221000,"Estimated. estimate",,31027000,"Estimated. estimate",,26362000,"Estimated. estimate",,26707000,"Estimated. estimate",,26297952,"Estimated",,25997549,"Estimated",,23064420,"Estimated",,31635889,"Estimated",,40263523,"Estimated",,46991047,"Estimated",,52601760,"Estimated",,64026608,"Estimated",,73965546,"Estimated",,53863892,"Estimated",,82630650,"Estimated",,107956344,"Estimated",,98824504,"Estimated",,95062895,"Estimated",,92590712,"Estimated",,80264493,"Estimated",,75912597,"Estimated",,88233219,"Estimated",,93677434,"Estimated",,89395988,"Estimated",,85226766,"Estimated",,121321279,"Estimated",,121616282,"Estimated",
"TOTAL ALL PRODUCTS","South Africa","Africa",5498075,,,5803628,,,6117808,,,5177498,,,5401696,,,6386749,,,6141900,,,5950604,,,8193844,,,9996301,,,11210759,,,11884677,,,14491550,,,17208095,,,15529244,,,21396853,,,26085753,,,24888503,,,24012632,,,23994193,,,22234828,,,19254588,,,21242841,,,23042519,,,20858321,,,17999454,,,22908720,,,25115369,,
"TOTAL ALL PRODUCTS","South Africa","Americas",3952956,,,4129665,,,4382205,,,3775105,,,3726555,,,3432984,,,3537109,,,2744653,,,3759947,,,4870043,,,5325652,,,6630289,,,8262841,,,8454711,,,4837121,,,8940685,,,10718736,,,9096351,,,8100760,,,8010502,,,7487704,,,6730782,,,7981322,,,8200869,,,7798857,,,10061156,,,14725304,,,13247399,,
"TOTAL ALL PRODUCTS","South Africa","Asia",6858780,,,7181779,,,7671549,,,6477648,,,6525872,,,6037190,,,5719596,,,4969317,,,7355691,,,10180958,,,12510589,,,14067779,,,18349662,,,22078004,,,15960202,,,28453563,,,44119931,,,43309379,,,44354309,,,40223859,,,30323088,,,28998945,,,35446165,,,36790791,,,34271725,,,32242354,,,49204899,,,48295648,,
"TOTAL ALL PRODUCTS","South Africa","Europe",10554849,,,11072023,,,11748672,,,9998557,,,10116088,,,9556272,,,9766940,,,8677332,,,11372210,,,14214639,,,16582285,,,18771365,,,21580997,,,24621002,,,16552982,,,22649043,,,25984489,,,20543299,,,17678472,,,19423177,,,18707368,,,19876787,,,22086021,,,24439100,,,25168656,,,23549496,,,33257629,,,33464838,,
"TOTAL ALL PRODUCTS","South Africa","Oceania",486527,,,511769,,,546596,,,455337,,,471432,,,439085,,,400689,,,402538,,,622765,,,830176,,,1137613,,,1031151,,,1057979,,,1204262,,,612570,,,1011275,,,893552,,,877275,,,807222,,,811168,,,882499,,,702981,,,934419,,,893028,,,794176,,,760814,,,885503,,,911386,,
"TOTAL ALL PRODUCTS","United Kingdom","Brazil",905225,,,1195065,,,1683871,,,1534110,,,1115909,,,1174231,,,1174435,,,1332742,,,1354762,,,1451327,,,1526680,,,1691650,,,2161698,,,3005541,,,2707191,,,3311072,,,3725439,,,4093084,,,4025714,,,3798274,,,3276148,,,2550113,,,2320628,,,2551447,,,2464128,,,2224255,,,2518015,,,3116756,,
"TOTAL ALL PRODUCTS","United Kingdom","Canada",2570707,,,2733204,,,3531579,,,3638820,,,3551424,,,5315553,,,4688269,,,4821286,,,5435393,,,6179371,,,6044410,,,7159481,,,6737318,,,7054970,,,6202126,,,7545285,,,8914779,,,7692771,,,7080068,,,6743229,,,5873845,,,6241955,,,6231706,,,7308091,,,6726911,,,7551851,,,7021059,,,7651643,,
"TOTAL ALL PRODUCTS","United Kingdom","China",1183090,,,1036102,,,1507431,,,1439828,,,1876804,,,2223832,,,2480855,,,2277914,,,3181390,,,4360575,,,5139824,,,6034544,,,7580755,,,9065641,,,8053613,,,11293784,,,14088514,,,15688191,,,18119205,,,26235500,,,27625409,,,18142280,,,21382916,,,27701868,,,30154261,,,18512672,,,20890207,,,35557374,,
"TOTAL ALL PRODUCTS","United Kingdom","France",21738681,,,23876741,,,26285846,,,26418444,,,24847474,,,28475980,,,27630946,,,28342976,,,30905215,,,34662510,,,36467378,,,54587603,,,37085677,,,35571702,,,29003201,,,31649503,,,37636122,,,34477025,,,35028468,,,32494140,,,27275622,,,26461828,,,30381011,,,32081599,,,31361516,,,23871685,,,26360468,,,30586433,,
"TOTAL ALL PRODUCTS","United Kingdom","Germany",28935371,,,29895801,,,32585752,,,32961284,,,29636014,,,34788506,,,34086816,,,32876552,,,33577571,,,40234413,,,41794206,,,51279137,,,50684444,,,53919201,,,39446095,,,44671052,,,54137865,,,52046679,,,48040601,,,52026088,,,46631518,,,43797384,,,46663005,,,47510720,,,46352026,,,41631997,,,40956680,,,41222259,,
"TOTAL ALL PRODUCTS","United Kingdom","India",2385375,,,2508580,,,2580631,,,2081100,,,2203199,,,3798594,,,2956998,,,2860224,,,3895043,,,4305705,,,5369975,,,5013552,,,5942941,,,7781273,,,4611893,,,6212142,,,8800370,,,7239687,,,8005564,,,6411584,,,5978363,,,4425198,,,5250483,,,6613179,,,5878703,,,3926450,,,6077972,,,10137486,,
"TOTAL ALL PRODUCTS","United Kingdom","Italy",11127674,,,11234413,,,13037622,,,13789937,,,11782564,,,13212226,,,12328950,,,12913569,,,14181441,,,15612834,,,15830012,,,18096998,,,18747204,,,17546641,,,13111925,,,13662263,,,16165742,,,12382521,,,13148546,,,14419418,,,12871488,,,13123472,,,13195139,,,13966539,,,12713795,,,11026902,,,12170803,,,11314916,,
"TOTAL ALL PRODUCTS","United Kingdom","Japan",5653637,,,6454825,,,6843124,,,5339737,,,5182966,,,5686266,,,5404365,,,5499477,,,6237954,,,7110905,,,7103262,,,7515739,,,7698685,,,7096363,,,5285602,,,6664162,,,7164625,,,7265956,,,7039625,,,7129033,,,6589815,,,6404653,,,7369537,,,8380560,,,8340855,,,7139832,,,7568325,,,7215217,,
"TOTAL ALL PRODUCTS","United Kingdom","Russian Federation",1299473,,,1522846,,,2019026,,,1553989,,,853196,,,1012814,,,1295341,,,1485757,,,2318575,,,2699755,,,3415748,,,3802561,,,5677296,,,7755205,,,3595040,,,5334285,,,7667131,,,8744455,,,8104219,,,6641244,,,3893959,,,3479439,,,3696872,,,3315035,,,3375962,,,2758999,,,3819565,,,1265782,,
"TOTAL ALL PRODUCTS","United Kingdom","South Africa",,,,,,,,,,,,,,,,2291405,,,2246448,,,2418982,,,2914657,,,3453978,,,3791481,,,4027371,,,4341747,,,5721059,,,3375178,,,4689858,,,6847663,,,5500088,,,4055613,,,3919867,,,3364302,,,2666485,,,2736307,,,2774439,,,2349541,,,1676027,,,1986439,,,2094520,,
"TOTAL ALL PRODUCTS","United Kingdom","United States of America",26837271,,,29113602,,,35007619,,,36508935,,,37328695,,,45460636,,,42945682,,,43917974,,,49326462,,,52721236,,,56706302,,,59470792,,,65259143,,,65168292,,,52754317,,,58649953,,,62900789,,,64195617,,,62795007,,,64197476,,,69381207,,,61568659,,,59098116,,,65985305,,,73528705,,,55608216,,,59891117,,,64421983,,
"TOTAL ALL PRODUCTS","United Kingdom","World",234372202,,,253622092,,,278906969,,,270295285,,,265442493,,,294899047,,,279425459,,,285996254,,,312059900,,,355027954,,,392744019,,,458598557,,,454005490,,,482020962,,,359615540,,,422014118,,,517288693,,,481225754,,,548041853,,,511145443,,,466295683,,,411463356,,,441847324,,,490840364,,,468322416,,,395692087,,,470547786,,,531483660,,
"TOTAL ALL PRODUCTS","United Kingdom","Africa",4233414,,,4478162,,,5380053,,,5173563,,,4663819,,,7093067,,,6982906,,,7297280,,,8725829,,,10238729,,,10515694,,,11480868,,,12969784,,,16757857,,,12263292,,,15600159,,,19238075,,,18264292,,,16623824,,,15568614,,,12221955,,,11350995,,,11055984,,,11272451,,,11030136,,,8350322,,,10499982,,,11214341,,
"TOTAL ALL PRODUCTS","United Kingdom","Americas",33318017,,,36214653,,,44456948,,,46162887,,,45742890,,,55841810,,,52282288,,,53297387,,,59528407,,,64360742,,,68257957,,,73065355,,,79518378,,,80984683,,,66217830,,,75150064,,,85552218,,,88680264,,,81474613,,,81011161,,,85083734,,,75669165,,,73587407,,,81734528,,,88500849,,,69799707,,,74332417,,,81582673,,
"TOTAL ALL PRODUCTS","United Kingdom","Asia",34436095,,,38888590,,,48989520,,,38644017,,,32351981,,,40533139,,,37679713,,,37294283,,,45095819,,,53433216,,,63137239,,,61296859,,,67882825,,,77692789,,,59759304,,,73617523,,,90669245,,,95239756,,,115118685,,,110215820,,,107560775,,,88810593,,,101821759,,,117255993,,,109588718,,,83041433,,,94406665,,,136788479,,
"TOTAL ALL PRODUCTS","United Kingdom","Europe",130770647,,,141168223,,,158256942,,,158937299,,,161825912,,,186044390,,,177926143,,,183631998,,,193738513,,,221312278,,,244521470,,,306219950,,,285319757,,,296611243,,,214742589,,,250364092,,,311438898,,,267410641,,,323338994,,,292526893,,,249844656,,,224008958,,,240427386,,,264623318,,,242737725,,,218023994,,,260919487,,,274373318,,
"TOTAL ALL PRODUCTS","United Kingdom","Oceania",3810685,,,4195246,,,4823260,,,4399838,,,3869177,,,4647010,,,3863391,,,3748380,,,4449706,,,5256746,,,5847545,,,6014625,,,7704892,,,8828448,,,5413697,,,5870892,,,7824141,,,8049123,,,7408995,,,7218766,,,6736416,,,6369086,,,6987625,,,7185171,,,6682375,,,6130922,,,7046095,,,6634531,,
"TOTAL ALL PRODUCTS","United States of America","Brazil",11443585,,,12699212,,,15912279,,,15156974,,,13249028,,,15320854,,,15879440,,,12375975,,,11210932,,,13886375,,,15371578,,,19227472,,,24628261,,,32909858,,,26175324,,,35417484,,,43018839,,,43771024,,,44092977,,,42427834,,,31650624,,,30193264,,,37329690,,,39559841,,,43083196,,,35046879,,,46882040,,,53577707,,
"TOTAL ALL PRODUCTS","United States of America","Canada",126021755,,,132579559,,,150120410,,,154148100,,,163903550,,,178919985,,,163421117,,,160918225,,,169920170,,,189878784,,,211895288,,,230244127,,,248408654,,,260890167,,,204720827,,,249248666,,,281237169,,,292567767,,,300685611,,,312371471,,,280582448,,,266701920,,,282450324,,,299744493,,,292338433,,,255021619,,,306926753,,,354887051,,
"TOTAL ALL PRODUCTS","United States of America","China",11748110,,,11977746,,,12804865,,,14257942,,,13117666,,,16184679,,,19181936,,,22127509,,,28367721,,,34427687,,,41190675,,,55224097,,,65237883,,,71456412,,,69575613,,,91910977,,,104121383,,,110516536,,,121721076,,,123675623,,,116071709,,,115594770,,,129797515,,,120147866,,,106626645,,,124648508,,,151065177,,,153837022,,
"TOTAL ALL PRODUCTS","United States of America","France",14802935,,,14836398,,,16581652,,,18071189,,,19146609,,,20517445,,,20094108,,,19343056,,,17328494,,,21233118,,,22395612,,,24385839,,,27819120,,,29948925,,,27043697,,,27724343,,,28859448,,,31925500,,,33864704,,,32449632,,,31480817,,,32634011,,,34218039,,,37649478,,,38751856,,,28273988,,,30678290,,,46928790,,
"TOTAL ALL PRODUCTS","United States of America","Germany",22370009,,,23468776,,,24459615,,,26633982,,,26786595,,,29445968,,,29994488,,,26628846,,,28830851,,,31411580,,,34175631,,,41313147,,,49611212,,,54672137,,,43220925,,,47994836,,,48939215,,,48372035,,,46862995,,,49028160,,,49641402,,,49369910,,,53561607,,,57332502,,,59797036,,,57163226,,,64806424,,,72549705,,
"TOTAL ALL PRODUCTS","United States of America","India",3295743,,,3318091,,,3615603,,,3544679,,,3707364,,,3667128,,,3757045,,,4101055,,,4979693,,,6109357,,,7918597,,,10091104,,,17592455,,,18666534,,,16462437,,,19248887,,,21542181,,,22105715,,,21811337,,,21607499,,,21451880,,,21647174,,,25648234,,,33502787,,,34409575,,,27394260,,,40130035,,,47332140,,
"TOTAL ALL PRODUCTS","United States of America","Italy",8867739,,,8791158,,,8982002,,,9036585,,,10103929,,,11060039,,,9915281,,,10056680,,,10560550,,,10684732,,,11524307,,,12566238,,,14141169,,,15478024,,,12232372,,,14219761,,,16037460,,,16096249,,,16753582,,,16965272,,,16201294,,,16721743,,,18389102,,,22794526,,,23788416,,,19920417,,,21711410,,,27410694,,
"TOTAL ALL PRODUCTS","United States of America","Japan",64259695,,,67514643,,,65657898,,,57884417,,,57480837,,,64921645,,,57449648,,,51447934,,,52003765,,,53568570,,,54679311,,,59647551,,,62663665,,,66573422,,,51178320,,,60469046,,,65791777,,,69971995,,,65213790,,,66825973,,,62441250,,,63245046,,,67582504,,,75226086,,,74650662,,,64090703,,,74960699,,,80304526,,
"TOTAL ALL PRODUCTS","United States of America","Russian Federation",2826171,,,3340129,,,3288740,,,3584616,,,1844678,,,2092380,,,2716088,,,2396944,,,2447218,,,2960937,,,3962250,,,4717016,,,7365333,,,9335368,,,5382808,,,5993665,,,8318439,,,10695291,,,11144526,,,10752773,,,7087112,,,5831103,,,7002945,,,6658956,,,5786748,,,4883766,,,6388251,,,1715080,,
"TOTAL ALL PRODUCTS","United States of America","South Africa",,,,,,,,,,,,,,,,3089510,,,2959581,,,2524908,,,2819271,,,3178506,,,3906947,,,4461684,,,5517220,,,6494696,,,4460552,,,5631634,,,7271228,,,7552736,,,7293060,,,6368196,,,5458228,,,4599872,,,5050534,,,5517377,,,5333694,,,4454735,,,5501252,,,6514872,,
"TOTAL ALL PRODUCTS","United States of America","United Kingdom",28826384,,,30914902,,,36433768,,,39068591,,,38337460,,,41569587,,,40712585,,,33204013,,,33827044,,,35900252,,,38560828,,,45391799,,,50294385,,,53771992,,,45707871,,,48328089,,,56009021,,,54853629,,,47339021,,,53808147,,,56103380,,,55188786,,,56242316,,,66293664,,,69100920,,,58975470,,,61430610,,,77261014,,
"TOTAL ALL PRODUCTS","United States of America","World",582964675,,,622784143,,,687532542,,,680434597,,,692783784,,,781830673,,,729080421,,,693068307,,,724736583,,,814844394,,,901041411,,,1037029200,,,1162538100,,,1299898900,,,1056712100,,,1278099200,,,1481682200,,,1544932000,,,1577587300,,,1619742900,,,1501845900,,,1450906300,,,1545809600,,,1665302937,,,1644276221,,,1430253623,,,1753136708,,,2062089833,,
"TOTAL ALL PRODUCTS","United States of America","Africa",7086364,,,7433747,,,8323894,,,7432559,,,7084726,,,10962206,,,12116530,,,10660100,,,10610413,,,13199248,,,15305740,,,18998806,,,23658533,,,28630025,,,24274177,,,28323995,,,32723460,,,32707221,,,35227019,,,38052397,,,27122430,,,21821858,,,22056077,,,26042676,,,26620196,,,22142650,,,26652775,,,30678094,,
"TOTAL ALL PRODUCTS","United States of America","Americas",221792251,,,241457570,,,283930172,,,296254628,,,305853028,,,349381914,,,322661776,,,309616301,,,319046654,,,361697531,,,404352293,,,453223480,,,492062904,,,549577768,,,443073545,,,547847946,,,646478238,,,690522220,,,709442049,,,735598347,,,667534631,,,631852341,,,675752594,,,728590497,,,710367416,,,597279386,,,757400170,,,903853346,,
"TOTAL ALL PRODUCTS","United States of America","Asia",200053202,,,210845181,,,218192905,,,191719349,,,194739508,,,223285645,,,202847708,,,197736871,,,210189970,,,235988907,,,258032381,,,305164221,,,345471496,,,379897640,,,316486356,,,399564006,,,456164761,,,471525615,,,490286451,,,495878674,,,468601306,,,463763812,,,497315159,,,522140169,,,506360974,,,463028482,,,566003153,,,618901761,,
"TOTAL ALL PRODUCTS","United States of America","Europe",125021731,,,132429713,,,145105744,,,152156849,,,167740307,,,183068953,,,177813468,,,159684600,,,169481714,,,187362509,,,204481306,,,238416776,,,278408727,,,315993806,,,250212797,,,276662410,,,314075442,,,314664756,,,312423698,,,318742714,,,309278866,,,306988710,,,321192975,,,358146058,,,369759368,,,320570987,,,372102739,,,473424701,,
"TOTAL ALL PRODUCTS","United States of America","Oceania",12795248,,,14066331,,,14424054,,,14225635,,,14165012,,,14824907,,,13378796,,,15183318,,,15222121,,,16371933,,,18653407,,,21101565,,,22508076,,,25616584,,,22430280,,,25318649,,,32010342,,,35325592,,,30019645,,,31470631,,,29308630,,,26477780,,,29492793,,,30383537,,,31168267,,,27232118,,,30977872,,,35231932,,
